,0
0,Contato (E-Mail) importado com sucesso: Nicolas Melo - antonio65@da.br
1,Contato (E-Mail) importado com sucesso: Igor Silveira - larissa73@ramos.net
2,Contato (E-Mail) importado com sucesso: Henrique da Luz - aliciada-luz@goncalves.net
3,Contato (E-Mail) importado com sucesso: Valentina da Mota - ramoslavinia@uol.com.br
4,Contato (E-Mail) importado com sucesso: Giovanna Cavalcanti - jesusemanuelly@hotmail.com
5,Contato (E-Mail) importado com sucesso: Theo da Rosa - da-rochaantonio@silveira.br
6,Contato (E-Mail) importado com sucesso: Srta. Ana Ferreira - alicecastro@ig.com.br
7,Contato (E-Mail) importado com sucesso: Mariana Rodrigues - hpeixoto@yahoo.com.br
8,Contato (E-Mail) importado com sucesso: Sr. Renan Freitas - cavalcantibernardo@caldeira.br
9,Contato (E-Mail) importado com sucesso: Larissa da Conceição - silveiranatalia@porto.br
10,Contato (E-Mail) importado com sucesso: Antônio Moreira - barbara19@carvalho.br
11,Contato (E-Mail) importado com sucesso: Cecília da Costa - breno53@uol.com.br
12,Contato (E-Mail) importado com sucesso: Clarice Silva - elisa66@gmail.com
13,Contato (E-Mail) importado com sucesso: Fernanda das Neves - oviana@carvalho.com
14,Contato (E-Mail) importado com sucesso: Ana Clara Araújo - da-cunhacaua@yahoo.com.br
15,Contato (E-Mail) importado com sucesso: Dr. Heitor Castro - felipe45@azevedo.br
16,Contato (E-Mail) importado com sucesso: Sofia Costela - pietra30@ig.com.br
17,Contato (E-Mail) importado com sucesso: Olivia Souza - holiveira@ig.com.br
18,Contato (E-Mail) importado com sucesso: Rafaela Gomes - souzaluiza@bol.com.br
19,Contato (E-Mail) importado com sucesso: Maria Alice Monteiro - noahviana@barbosa.org
20,Contato (E-Mail) importado com sucesso: Dr. Lucca da Rosa - lucascostela@uol.com.br
21,Contato (E-Mail) importado com sucesso: Cauã Lima - maria-fernanda53@pereira.org
22,Contato (E-Mail) importado com sucesso: Sra. Sarah Oliveira - arezende@gmail.com
23,Contato (E-Mail) importado com sucesso: Dra. Ana Lívia Rodrigues - emanuelly85@ig.com.br
24,Contato (E-Mail) importado com sucesso: Luana Cunha - pintofernanda@costa.br
25,Contato (E-Mail) importado com sucesso: Henrique Dias - antonioda-mota@ig.com.br
26,Contato (E-Mail) importado com sucesso: Stephany Martins - luccanovaes@yahoo.com.br
27,Contato (E-Mail) importado com sucesso: Igor da Paz - joao-vitor18@yahoo.com.br
28,Contato (E-Mail) importado com sucesso: Matheus Carvalho - nunesrodrigo@caldeira.br
29,Contato (E-Mail) importado com sucesso: Heitor Ribeiro - eviana@da.com
30,Contato (E-Mail) importado com sucesso: Breno Mendes - lucasrodrigues@gmail.com
31,Contato (E-Mail) importado com sucesso: Heitor Pereira - helenamendes@ig.com.br
32,Contato (E-Mail) importado com sucesso: Erick Dias - yasminaragao@pereira.com
33,Contato (E-Mail) importado com sucesso: Clarice da Cunha - oazevedo@mendes.com
34,Contato (E-Mail) importado com sucesso: Ana Luiza Almeida - brocha@farias.com
35,Contato (E-Mail) importado com sucesso: Dra. Maria Vitória da Conceição - da-conceicaovitor@bol.com.br
36,Contato (E-Mail) importado com sucesso: Marcela Campos - moraesmiguel@cardoso.com
37,Contato (E-Mail) importado com sucesso: Giovanna Rodrigues - silvaaugusto@freitas.br
38,Contato (E-Mail) importado com sucesso: Pietro Nunes - portokamilly@bol.com.br
39,Contato (E-Mail) importado com sucesso: João Gabriel Rodrigues - matheusduarte@freitas.br
40,Contato (E-Mail) importado com sucesso: Marcos Vinicius Castro - isabellada-paz@yahoo.com.br
41,Contato (E-Mail) importado com sucesso: Luigi da Conceição - diegocastro@gmail.com
42,Contato (E-Mail) importado com sucesso: Henrique Teixeira - fogacapedro-miguel@bol.com.br
43,Contato (E-Mail) importado com sucesso: Sr. Joaquim Peixoto - da-pazmaria-cecilia@ig.com.br
44,Contato (E-Mail) importado com sucesso: Olivia Barbosa - luiz-miguel93@hotmail.com
45,Contato (E-Mail) importado com sucesso: Dra. Yasmin Melo - yaragao@monteiro.br
46,Contato (E-Mail) importado com sucesso: Isabelly Gomes - joao-guilherme28@hotmail.com
47,Contato (E-Mail) importado com sucesso: Gustavo Henrique Duarte - vitor-gabrielteixeira@yahoo.com.br
48,Contato (E-Mail) importado com sucesso: Daniel das Neves - barrosvicente@alves.com
49,Contato (E-Mail) importado com sucesso: Emilly Silva - ryanbarros@nunes.com
50,Contato (E-Mail) importado com sucesso: Bernardo Ribeiro - miguel73@uol.com.br
51,Contato (E-Mail) importado com sucesso: Ana Laura das Neves - cardosovicente@viana.com
52,Contato (E-Mail) importado com sucesso: Agatha Caldeira - jda-mota@sales.br
53,Contato (E-Mail) importado com sucesso: Dr. Luiz Otávio Lopes - da-cruzmanuela@cardoso.br
54,Contato (E-Mail) importado com sucesso: Dr. Luigi Barros - emanuellyteixeira@barbosa.br
55,Contato (E-Mail) importado com sucesso: Catarina Ferreira - enzo-gabrielfernandes@ig.com.br
56,Contato (E-Mail) importado com sucesso: Bryan Ribeiro - fernandeslucas-gabriel@melo.br
57,Contato (E-Mail) importado com sucesso: Luiz Miguel Costa - fernanda35@gmail.com
58,Contato (E-Mail) importado com sucesso: Yago Freitas - kaique00@souza.br
59,Contato (E-Mail) importado com sucesso: Dr. Enrico Fogaça - pedromartins@gmail.com
60,Contato (E-Mail) importado com sucesso: Laura da Cunha - rodriguesthiago@da.org
61,Contato (E-Mail) importado com sucesso: Helena Cavalcanti - julia37@ig.com.br
62,Contato (E-Mail) importado com sucesso: Dr. André Pinto - rodriguesdavi-luiz@yahoo.com.br
63,Contato (E-Mail) importado com sucesso: Sophia Costela - dcosta@uol.com.br
64,Contato (E-Mail) importado com sucesso: Enzo Gabriel Azevedo - balves@cavalcanti.com
65,Contato (E-Mail) importado com sucesso: Ana Laura Nascimento - diego58@yahoo.com.br
66,Contato (E-Mail) importado com sucesso: Gabriel Monteiro - esthernunes@uol.com.br
67,Contato (E-Mail) importado com sucesso: Alexia Aragão - franciscoferreira@costa.com
68,Contato (E-Mail) importado com sucesso: Yasmin Almeida - maria-alicemendes@yahoo.com.br
69,Contato (E-Mail) importado com sucesso: Sra. Isabella Peixoto - ribeiroisabelly@yahoo.com.br
70,Contato (E-Mail) importado com sucesso: Igor Duarte - fpires@gmail.com
71,Contato (E-Mail) importado com sucesso: Ana Lívia Souza - maria-alicesouza@yahoo.com.br
72,Contato (E-Mail) importado com sucesso: Vicente Teixeira - ana-clara47@almeida.net
73,Contato (E-Mail) importado com sucesso: Enrico Correia - baraujo@hotmail.com
74,Contato (E-Mail) importado com sucesso: Dr. Davi Lucas Carvalho - jesusjulia@da.br
75,Contato (E-Mail) importado com sucesso: Juliana Gonçalves - martinscaio@da.net
76,Contato (E-Mail) importado com sucesso: Vitor Hugo Lopes - giovanna02@bol.com.br
77,Contato (E-Mail) importado com sucesso: Maitê Lopes - mteixeira@yahoo.com.br
78,Contato (E-Mail) importado com sucesso: Dra. Emanuella Barbosa - da-pazjulia@yahoo.com.br
79,Contato (E-Mail) importado com sucesso: Natália Castro - cgomes@ig.com.br
80,Contato (E-Mail) importado com sucesso: Vitor Gabriel Ramos - daniela30@das.org
81,Contato (E-Mail) importado com sucesso: Elisa Melo - rochasamuel@uol.com.br
82,Contato (E-Mail) importado com sucesso: Dr. Juan Costela - almeidaaugusto@dias.com
83,Contato (E-Mail) importado com sucesso: Gustavo Henrique da Paz - brenoaraujo@da.br
84,Contato (E-Mail) importado com sucesso: Sra. Isadora Martins - qcaldeira@vieira.br
85,Contato (E-Mail) importado com sucesso: Augusto da Mota - carvalhoemanuelly@uol.com.br
86,Contato (E-Mail) importado com sucesso: Pedro Lucas Farias - ferreiraleticia@gmail.com
87,Contato (E-Mail) importado com sucesso: Lucas Cardoso - caroline03@gmail.com
88,Contato (E-Mail) importado com sucesso: Davi Lucas Moraes - carolina34@martins.br
89,Contato (E-Mail) importado com sucesso: Sofia Cardoso - samuel29@ig.com.br
90,Contato (E-Mail) importado com sucesso: Felipe Vieira - camilaalmeida@yahoo.com.br
91,Contato (E-Mail) importado com sucesso: Leonardo Campos - nsantos@uol.com.br
92,Contato (E-Mail) importado com sucesso: Dra. Fernanda Pereira - antonioramos@melo.br
93,Contato (E-Mail) importado com sucesso: Heloísa Pires - amandamonteiro@ig.com.br
94,Contato (E-Mail) importado com sucesso: Eduarda Porto - eloah85@vieira.com
95,Contato (E-Mail) importado com sucesso: Sra. Beatriz Dias - lsilveira@das.br
96,Contato (E-Mail) importado com sucesso: Sr. Calebe Lopes - moraeseloah@gmail.com
97,Contato (E-Mail) importado com sucesso: Isabelly Melo - joaocardoso@bol.com.br
98,Contato (E-Mail) importado com sucesso: Calebe Jesus - gomesarthur@hotmail.com
99,Contato (E-Mail) importado com sucesso: Ana Laura Novaes - mendesana-sophia@ig.com.br
100,Contato (E-Mail) importado com sucesso: Eduarda Castro - da-costadavi-luiz@barros.br
101,Contato (E-Mail) importado com sucesso: Dra. Raquel Peixoto - barrosthomas@aragao.br
102,Contato (E-Mail) importado com sucesso: Bernardo Cavalcanti - palves@martins.com
103,Contato (E-Mail) importado com sucesso: Dra. Heloísa Santos - silveiragabriela@gmail.com
104,Contato (E-Mail) importado com sucesso: Sra. Emanuelly Rezende - xsilveira@gmail.com
105,Contato (E-Mail) importado com sucesso: Rodrigo Barros - voliveira@bol.com.br
106,Contato (E-Mail) importado com sucesso: Juliana Monteiro - da-rochavitoria@da.com
107,Contato (E-Mail) importado com sucesso: Clarice Santos - ninafogaca@bol.com.br
108,Contato (E-Mail) importado com sucesso: Sr. Noah Dias - helenasilva@bol.com.br
109,Contato (E-Mail) importado com sucesso: Caio Novaes - jesusnina@lima.br
110,Contato (E-Mail) importado com sucesso: Giovanna Caldeira - zda-mata@freitas.com
111,Contato (E-Mail) importado com sucesso: João Felipe Rodrigues - matheus69@cunha.com
112,Contato (E-Mail) importado com sucesso: Lorena Silva - ana-carolina26@lopes.com
113,Contato (E-Mail) importado com sucesso: Lucca Cardoso - ana-luiza63@ig.com.br
114,Contato (E-Mail) importado com sucesso: Calebe das Neves - ysilveira@da.com
115,Contato (E-Mail) importado com sucesso: Pedro Lucas Pereira - kevincardoso@ig.com.br
116,Contato (E-Mail) importado com sucesso: Gustavo Dias - jnovaes@azevedo.br
117,Contato (E-Mail) importado com sucesso: Ana Clara Nogueira - gda-cruz@fogaca.br
118,Contato (E-Mail) importado com sucesso: Pedro Lucas Barros - da-cruzmarcos-vinicius@hotmail.com
119,Contato (E-Mail) importado com sucesso: Juliana Pires - joao-gabrielviana@da.com
120,Contato (E-Mail) importado com sucesso: Lucas Gabriel Silveira - lucas23@gmail.com
121,Contato (E-Mail) importado com sucesso: Davi da Cruz - jmartins@uol.com.br
122,Contato (E-Mail) importado com sucesso: Laís Sales - nrezende@gmail.com
123,Contato (E-Mail) importado com sucesso: Ana Clara da Luz - hnogueira@yahoo.com.br
124,Contato (E-Mail) importado com sucesso: Rodrigo Cavalcanti - marianeviana@hotmail.com
125,Contato (E-Mail) importado com sucesso: Diego da Paz - souzamaria@gmail.com
126,Contato (E-Mail) importado com sucesso: Ana Vitória Nascimento - liviasantos@hotmail.com
127,Contato (E-Mail) importado com sucesso: Valentina Dias - yurisantos@bol.com.br
128,Contato (E-Mail) importado com sucesso: Lucca Jesus - cardosoisadora@barros.net
129,Contato (E-Mail) importado com sucesso: Luigi da Luz - carvalhoevelyn@ig.com.br
130,Contato (E-Mail) importado com sucesso: Srta. Alana Castro - ocostela@uol.com.br
131,Contato (E-Mail) importado com sucesso: Lavínia Silveira - andrefreitas@teixeira.org
132,Contato (E-Mail) importado com sucesso: Ana Lívia Aragão - heloisa23@ig.com.br
133,Contato (E-Mail) importado com sucesso: Yago da Costa - speixoto@uol.com.br
134,Contato (E-Mail) importado com sucesso: Rebeca Carvalho - catarinacosta@bol.com.br
135,Contato (E-Mail) importado com sucesso: Elisa Rocha - maria-juliapereira@da.com
136,Contato (E-Mail) importado com sucesso: Enrico Campos - luiz-felipecaldeira@aragao.com
137,Contato (E-Mail) importado com sucesso: Rafaela Mendes - ana-laura20@ig.com.br
138,Contato (E-Mail) importado com sucesso: Dr. Lucca Dias - augusto66@cardoso.br
139,Contato (E-Mail) importado com sucesso: Mariane Cardoso - evelyn45@bol.com.br
140,Contato (E-Mail) importado com sucesso: Vitor Gabriel Rezende - agoncalves@hotmail.com
141,Contato (E-Mail) importado com sucesso: Dr. Kevin Costa - cnascimento@souza.net
142,Contato (E-Mail) importado com sucesso: Luiz Fernando Cavalcanti - eduardapereira@cunha.net
143,Contato (E-Mail) importado com sucesso: Eloah Rocha - cribeiro@uol.com.br
144,Contato (E-Mail) importado com sucesso: Mariane da Mota - sgomes@ig.com.br
145,Contato (E-Mail) importado com sucesso: Nicolas das Neves - da-motaemanuel@alves.com
146,Contato (E-Mail) importado com sucesso: Matheus Gomes - caldeiravitor-hugo@cardoso.net
147,Contato (E-Mail) importado com sucesso: Cecília Mendes - gabriellymartins@das.br
148,Contato (E-Mail) importado com sucesso: Bernardo Souza - xfogaca@bol.com.br
149,Contato (E-Mail) importado com sucesso: Ana Carolina Peixoto - liviacarvalho@farias.com
150,Contato (E-Mail) importado com sucesso: Vicente Fernandes - fernanda28@da.com
151,Contato (E-Mail) importado com sucesso: Anthony Rodrigues - ybarros@da.org
152,Contato (E-Mail) importado com sucesso: Camila Nunes - ida-cunha@uol.com.br
153,Contato (E-Mail) importado com sucesso: Renan da Mota - guilherme05@correia.br
154,Contato (E-Mail) importado com sucesso: Stella Peixoto - davi-lucas38@peixoto.net
155,Contato (E-Mail) importado com sucesso: Thiago Almeida - ianpeixoto@rezende.com
156,Contato (E-Mail) importado com sucesso: Lara Alves - stephanycunha@bol.com.br
157,Contato (E-Mail) importado com sucesso: Sophie Novaes - maria07@yahoo.com.br
158,Contato (E-Mail) importado com sucesso: Mariane Rodrigues - xda-conceicao@bol.com.br
159,Contato (E-Mail) importado com sucesso: Davi Gonçalves - da-cruzenzo-gabriel@das.com
160,Contato (E-Mail) importado com sucesso: Nina Ribeiro - goncalvesolivia@peixoto.org
161,Contato (E-Mail) importado com sucesso: Vitor Hugo Farias - faragao@da.com
162,Contato (E-Mail) importado com sucesso: Emanuelly das Neves - joao-guilhermesilveira@yahoo.com.br
163,Contato (E-Mail) importado com sucesso: Luigi Silva - novaespietra@aragao.br
164,Contato (E-Mail) importado com sucesso: Maria Fernanda Gomes - ibarbosa@hotmail.com
165,Contato (E-Mail) importado com sucesso: João Guilherme Barbosa - luiz-gustavo42@ig.com.br
166,Contato (E-Mail) importado com sucesso: Lara Barbosa - clara89@da.org
167,Contato (E-Mail) importado com sucesso: Maitê Barros - rrocha@gmail.com
168,Contato (E-Mail) importado com sucesso: Luigi Nogueira - rochaian@gmail.com
169,Contato (E-Mail) importado com sucesso: Vitor Hugo Porto - santosbeatriz@gmail.com
170,Contato (E-Mail) importado com sucesso: Julia Jesus - maria-eduardalima@gmail.com
171,Contato (E-Mail) importado com sucesso: Erick Farias - vda-paz@uol.com.br
172,Contato (E-Mail) importado com sucesso: Srta. Isabel Correia - marcelada-conceicao@martins.br
173,Contato (E-Mail) importado com sucesso: Ana Júlia Costa - lunaviana@bol.com.br
174,Contato (E-Mail) importado com sucesso: João Pedro Barros - rodrigojesus@uol.com.br
175,Contato (E-Mail) importado com sucesso: Sra. Vitória Ribeiro - pedroteixeira@novaes.com
176,Contato (E-Mail) importado com sucesso: Igor Ferreira - da-luzstephany@gmail.com
177,Contato (E-Mail) importado com sucesso: Mirella Azevedo - amanda34@silveira.br
178,Contato (E-Mail) importado com sucesso: Diego Mendes - vitor-gabrielnogueira@alves.br
179,Contato (E-Mail) importado com sucesso: Dr. Breno Vieira - raquelfreitas@rocha.com
180,Contato (E-Mail) importado com sucesso: Joaquim Cunha - jesuslais@gmail.com
181,Contato (E-Mail) importado com sucesso: Luiz Felipe Viana - cunhajoao-lucas@gmail.com
182,Contato (E-Mail) importado com sucesso: Gustavo Peixoto - beatriz97@ig.com.br
183,Contato (E-Mail) importado com sucesso: Luiz Fernando Caldeira - tcardoso@pires.com
184,Contato (E-Mail) importado com sucesso: Pedro Monteiro - isabella85@fogaca.br
185,Contato (E-Mail) importado com sucesso: Luiz Otávio Pereira - caldeiraamanda@uol.com.br
186,Contato (E-Mail) importado com sucesso: Pedro Lucas Monteiro - da-costaraquel@ribeiro.br
187,Contato (E-Mail) importado com sucesso: Thomas Pinto - zbarbosa@yahoo.com.br
188,Contato (E-Mail) importado com sucesso: Kamilly Jesus - ana-laurada-mota@gmail.com
189,Contato (E-Mail) importado com sucesso: Luigi Santos - barbosabrenda@bol.com.br
190,Contato (E-Mail) importado com sucesso: Anthony Fogaça - ubarros@pinto.com
191,Contato (E-Mail) importado com sucesso: Lavínia Monteiro - pedro45@alves.br
192,Contato (E-Mail) importado com sucesso: Lucas Gabriel Correia - salesjuliana@da.com
193,Contato (E-Mail) importado com sucesso: Sr. Luiz Gustavo da Cruz - qcorreia@gmail.com
194,Contato (E-Mail) importado com sucesso: Ana Beatriz da Paz - kjesus@ferreira.com
195,Contato (E-Mail) importado com sucesso: Beatriz Cunha - gabrieladias@yahoo.com.br
196,Contato (E-Mail) importado com sucesso: Nicole Peixoto - danilolopes@yahoo.com.br
197,Contato (E-Mail) importado com sucesso: Yago Alves - araujomaria-alice@duarte.org
198,Contato (E-Mail) importado com sucesso: Maysa Pinto - nicole37@aragao.com
199,Contato (E-Mail) importado com sucesso: Joana Fogaça - leonardocunha@almeida.br
200,Contato (E-Mail) importado com sucesso: Vicente Nogueira - sviana@yahoo.com.br
201,Contato (E-Mail) importado com sucesso: Olivia Silveira - pnascimento@gmail.com
202,Contato (E-Mail) importado com sucesso: Gabriela Araújo - joanacorreia@hotmail.com
203,Contato (E-Mail) importado com sucesso: Vitória Ribeiro - sofia24@azevedo.org
204,Contato (E-Mail) importado com sucesso: Dra. Maria Clara Ramos - carolina31@hotmail.com
205,Contato (E-Mail) importado com sucesso: Breno Fogaça - joao-lucasmoreira@moura.net
206,Contato (E-Mail) importado com sucesso: Dr. Joaquim Viana - tcastro@gmail.com
207,Contato (E-Mail) importado com sucesso: Juliana Novaes - ana25@oliveira.br
208,Contato (E-Mail) importado com sucesso: Dr. João Alves - enricoda-mota@da.br
209,Contato (E-Mail) importado com sucesso: Diogo da Mota - tazevedo@silva.net
210,Contato (E-Mail) importado com sucesso: Vitor Correia - saleslais@das.br
211,Contato (E-Mail) importado com sucesso: Pedro Miguel Alves - cavalcantirafaela@almeida.com
212,Contato (E-Mail) importado com sucesso: Daniel Sales - alveskamilly@uol.com.br
213,Contato (E-Mail) importado com sucesso: Diego Caldeira - rodriguespaulo@ig.com.br
214,Contato (E-Mail) importado com sucesso: Alícia Ramos - helenapeixoto@rodrigues.br
215,Contato (E-Mail) importado com sucesso: Noah Dias - heloisa98@gmail.com
216,Contato (E-Mail) importado com sucesso: Luiz Miguel Costela - ngomes@rocha.org
217,Contato (E-Mail) importado com sucesso: Bruno Alves - xferreira@gmail.com
218,Contato (E-Mail) importado com sucesso: Agatha da Costa - fariasnatalia@ferreira.br
219,Contato (E-Mail) importado com sucesso: Kaique Barros - araujomaria-julia@da.br
220,Contato (E-Mail) importado com sucesso: Dr. Leonardo das Neves - valentinacosta@uol.com.br
221,Contato (E-Mail) importado com sucesso: Alice Monteiro - ulopes@moraes.com
222,Contato (E-Mail) importado com sucesso: Maria Barbosa - raulfreitas@ramos.com
223,Contato (E-Mail) importado com sucesso: Laís Viana - sophiacampos@martins.br
224,Contato (E-Mail) importado com sucesso: Antônio Costela - emilly64@oliveira.net
225,Contato (E-Mail) importado com sucesso: Calebe da Rosa - smoreira@ig.com.br
226,Contato (E-Mail) importado com sucesso: Ana Laura da Cunha - leticiasantos@hotmail.com
227,Contato (E-Mail) importado com sucesso: Sra. Luana Carvalho - ana-carolina62@da.br
228,Contato (E-Mail) importado com sucesso: Matheus Ribeiro - samuel27@dias.com
229,Contato (E-Mail) importado com sucesso: Theo Campos - sabrina84@costela.com
230,Contato (E-Mail) importado com sucesso: Luiz Henrique Monteiro - ryanramos@lopes.br
231,Contato (E-Mail) importado com sucesso: Maria Alice da Paz - barbosamilena@gmail.com
232,Contato (E-Mail) importado com sucesso: Heitor Lopes - larissa51@yahoo.com.br
233,Contato (E-Mail) importado com sucesso: João Miguel Ribeiro - faraujo@barros.net
234,Contato (E-Mail) importado com sucesso: Ana Clara Cardoso - da-luzaugusto@da.com
235,Contato (E-Mail) importado com sucesso: Leandro Fogaça - davi90@pires.net
236,Contato (E-Mail) importado com sucesso: Renan Novaes - fogacacecilia@nascimento.com
237,Contato (E-Mail) importado com sucesso: Dr. Murilo da Costa - agathamoraes@hotmail.com
238,Contato (E-Mail) importado com sucesso: Davi Luiz Pinto - zbarros@cardoso.br
239,Contato (E-Mail) importado com sucesso: Lucca Rocha - da-costacarlos-eduardo@martins.com
240,Contato (E-Mail) importado com sucesso: Ana Laura Castro - mirella73@bol.com.br
241,Contato (E-Mail) importado com sucesso: Alice Moreira - castrorodrigo@das.com
242,Contato (E-Mail) importado com sucesso: Levi Porto - theofogaca@hotmail.com
243,Contato (E-Mail) importado com sucesso: Sarah Almeida - ramoslorenzo@gomes.com
244,Contato (E-Mail) importado com sucesso: Srta. Alícia Silveira - mourapietro@yahoo.com.br
245,Contato (E-Mail) importado com sucesso: Sra. Emanuella Moreira - brendapires@bol.com.br
246,Contato (E-Mail) importado com sucesso: Sr. Diego Duarte - ana-livia03@hotmail.com
247,Contato (E-Mail) importado com sucesso: Gustavo Henrique Nunes - grezende@cardoso.br
248,Contato (E-Mail) importado com sucesso: Emilly Ramos - isabella52@yahoo.com.br
249,Contato (E-Mail) importado com sucesso: Dr. Lucas da Cunha - maria-alice82@ig.com.br
250,Contato (E-Mail) importado com sucesso: Maria Julia da Mata - francisco74@ferreira.br
251,Contato (E-Mail) importado com sucesso: Srta. Helena Porto - cavalcantiana-sophia@ig.com.br
252,Contato (E-Mail) importado com sucesso: Dr. Bruno Melo - da-conceicaomarcelo@uol.com.br
253,Contato (E-Mail) importado com sucesso: Sr. Erick Pires - gabriellyferreira@freitas.net
254,Contato (E-Mail) importado com sucesso: Sr. Fernando da Conceição - biancacardoso@costa.com
255,Contato (E-Mail) importado com sucesso: Maria Sophia Caldeira - andrearaujo@gmail.com
256,Contato (E-Mail) importado com sucesso: Bruno Ferreira - oliveiralorenzo@bol.com.br
257,Contato (E-Mail) importado com sucesso: Maria Eduarda Pinto - rrodrigues@ig.com.br
258,Contato (E-Mail) importado com sucesso: Dr. Arthur Nunes - limastella@yahoo.com.br
259,Contato (E-Mail) importado com sucesso: Ana Beatriz da Luz - cauacampos@das.br
260,Contato (E-Mail) importado com sucesso: Emanuelly Silveira - gcosta@rezende.com
261,Contato (E-Mail) importado com sucesso: Camila Fogaça - luiz-felipe35@melo.br
262,Contato (E-Mail) importado com sucesso: Srta. Bianca Pinto - jgoncalves@ferreira.br
263,Contato (E-Mail) importado com sucesso: Dr. Ian Rezende - efreitas@uol.com.br
264,Contato (E-Mail) importado com sucesso: Srta. Catarina da Rocha - lara46@gmail.com
265,Contato (E-Mail) importado com sucesso: Matheus Duarte - qvieira@uol.com.br
266,Contato (E-Mail) importado com sucesso: Sr. Kevin Aragão - ubarbosa@ig.com.br
267,Contato (E-Mail) importado com sucesso: Rodrigo Martins - isadora57@ig.com.br
268,Contato (E-Mail) importado com sucesso: Ana Sophia Correia - maysa81@da.net
269,Contato (E-Mail) importado com sucesso: Maria Porto - maria-sophiaalves@bol.com.br
270,Contato (E-Mail) importado com sucesso: Erick Lima - lucas61@gmail.com
271,Contato (E-Mail) importado com sucesso: Sra. Eloah Novaes - matheus81@yahoo.com.br
272,Contato (E-Mail) importado com sucesso: Bianca Peixoto - leandrosilveira@gmail.com
273,Contato (E-Mail) importado com sucesso: Isabel Campos - salmeida@goncalves.br
274,Contato (E-Mail) importado com sucesso: Dra. Maria Fernanda Ferreira - araujojoao-vitor@uol.com.br
275,Contato (E-Mail) importado com sucesso: Alexia Pinto - costarenan@da.net
276,Contato (E-Mail) importado com sucesso: Rafaela da Paz - da-conceicaoleandro@azevedo.com
277,Contato (E-Mail) importado com sucesso: Lavínia Pires - da-motaenzo@pinto.com
278,Contato (E-Mail) importado com sucesso: Bruna Santos - laura58@bol.com.br
279,Contato (E-Mail) importado com sucesso: Sr. Pietro Araújo - carolina31@hotmail.com
280,Contato (E-Mail) importado com sucesso: Sra. Luana Pinto - das-nevesmaria-luiza@cavalcanti.org
281,Contato (E-Mail) importado com sucesso: Francisco Costela - fernando75@uol.com.br
282,Contato (E-Mail) importado com sucesso: Matheus Viana - vianastella@da.br
283,Contato (E-Mail) importado com sucesso: Erick Cunha - ana-luizagomes@ramos.com
284,Contato (E-Mail) importado com sucesso: Olivia da Costa - beatriz66@ig.com.br
285,Contato (E-Mail) importado com sucesso: Luiz Miguel Pinto - vdias@pinto.br
286,Contato (E-Mail) importado com sucesso: Diogo Aragão - thales10@da.com
287,Contato (E-Mail) importado com sucesso: Sr. André da Cunha - aragaolucas@gmail.com
288,Contato (E-Mail) importado com sucesso: Srta. Luiza Lima - maitesantos@da.com
289,Contato (E-Mail) importado com sucesso: Dr. Vitor Hugo Barros - moreiralucca@gmail.com
290,Contato (E-Mail) importado com sucesso: Dr. Gustavo Cavalcanti - maria-sophia52@yahoo.com.br
291,Contato (E-Mail) importado com sucesso: Vitor Hugo Gomes - isabelly01@yahoo.com.br
292,Contato (E-Mail) importado com sucesso: Enzo Campos - livia44@cavalcanti.org
293,Contato (E-Mail) importado com sucesso: Dr. Davi Lucca Duarte - davi-lucascardoso@castro.br
294,Contato (E-Mail) importado com sucesso: Isabel Campos - joao-guilherme97@almeida.com
295,Contato (E-Mail) importado com sucesso: Marcelo Fernandes - oalmeida@cavalcanti.com
296,Contato (E-Mail) importado com sucesso: Emanuel da Costa - joao-gabriel05@azevedo.net
297,Contato (E-Mail) importado com sucesso: João Guilherme da Mota - benicio27@gomes.com
298,Contato (E-Mail) importado com sucesso: Enrico Rezende - daraujo@ig.com.br
299,Contato (E-Mail) importado com sucesso: Danilo Silveira - pintolorenzo@uol.com.br
300,Contato (E-Mail) importado com sucesso: Levi Freitas - leticiaribeiro@hotmail.com
301,Contato (E-Mail) importado com sucesso: Heloísa Lima - caioazevedo@ig.com.br
302,Contato (E-Mail) importado com sucesso: Dra. Maitê Souza - mmendes@hotmail.com
303,Contato (E-Mail) importado com sucesso: Bryan Moura - bcarvalho@bol.com.br
304,Contato (E-Mail) importado com sucesso: Bruna Ribeiro - vitor-hugoda-rocha@bol.com.br
305,Contato (E-Mail) importado com sucesso: Luigi Gomes - anthonyaragao@bol.com.br
306,Contato (E-Mail) importado com sucesso: Amanda Nunes - rochastephany@monteiro.net
307,Contato (E-Mail) importado com sucesso: Thomas Teixeira - mariana93@porto.com
308,Contato (E-Mail) importado com sucesso: Benício Barros - leticiaramos@gmail.com
309,Contato (E-Mail) importado com sucesso: Joaquim Castro - laramonteiro@gmail.com
310,Contato (E-Mail) importado com sucesso: Ana Júlia Moraes - vianaisis@nunes.com
311,Contato (E-Mail) importado com sucesso: Julia Nogueira - luigisales@uol.com.br
312,Contato (E-Mail) importado com sucesso: Bárbara Santos - joao-guilherme65@moura.br
313,Contato (E-Mail) importado com sucesso: Agatha Viana - jnogueira@gmail.com
314,Contato (E-Mail) importado com sucesso: Ian Monteiro - rezendeanthony@yahoo.com.br
315,Contato (E-Mail) importado com sucesso: João Barbosa - stella31@costela.net
316,Contato (E-Mail) importado com sucesso: João Felipe Pinto - lucas-gabrielmendes@hotmail.com
317,Contato (E-Mail) importado com sucesso: Eduarda da Rocha - cbarros@ig.com.br
318,Contato (E-Mail) importado com sucesso: Luiz Miguel Azevedo - efogaca@sales.com
319,Contato (E-Mail) importado com sucesso: Manuela Nascimento - ferreirafernanda@pinto.org
320,Contato (E-Mail) importado com sucesso: Anthony Teixeira - murilo65@yahoo.com.br
321,Contato (E-Mail) importado com sucesso: Rafael Pinto - kda-rocha@mendes.com
322,Contato (E-Mail) importado com sucesso: Emanuelly Moreira - isabelly71@aragao.br
323,Contato (E-Mail) importado com sucesso: Luna Oliveira - barbosasophie@bol.com.br
324,Contato (E-Mail) importado com sucesso: Alexia da Conceição - limaluiz-gustavo@pereira.com
325,Contato (E-Mail) importado com sucesso: Marina Ribeiro - sofiamoraes@alves.org
326,Contato (E-Mail) importado com sucesso: Dra. Juliana Moura - ocastro@da.br
327,Contato (E-Mail) importado com sucesso: Dr. João Vitor Cardoso - erick68@ribeiro.net
328,Contato (E-Mail) importado com sucesso: Kevin das Neves - azevedonicole@gmail.com
329,Contato (E-Mail) importado com sucesso: Clarice Moreira - eduardo84@gmail.com
330,Contato (E-Mail) importado com sucesso: Giovanna Farias - ana-clara11@gmail.com
331,Contato (E-Mail) importado com sucesso: Luiz Gustavo Oliveira - renan38@gmail.com
332,Contato (E-Mail) importado com sucesso: Ryan Nascimento - marianemoraes@porto.br
333,Contato (E-Mail) importado com sucesso: Anthony Sales - joao60@silva.net
334,Contato (E-Mail) importado com sucesso: Sr. Caio Cardoso - mariafreitas@hotmail.com
335,Contato (E-Mail) importado com sucesso: Srta. Gabrielly Sales - souzabernardo@da.br
336,Contato (E-Mail) importado com sucesso: Brenda Silva - caiomoraes@cardoso.br
337,Contato (E-Mail) importado com sucesso: Dr. Yuri Moraes - barbaraduarte@hotmail.com
338,Contato (E-Mail) importado com sucesso: Ana Clara Martins - silveirajuliana@alves.org
339,Contato (E-Mail) importado com sucesso: Gabriela da Cunha - ribeiroguilherme@bol.com.br
340,Contato (E-Mail) importado com sucesso: Raquel Farias - nicole69@viana.org
341,Contato (E-Mail) importado com sucesso: Henrique Cardoso - milena74@araujo.com
342,Contato (E-Mail) importado com sucesso: Davi Lucca Silva - fnascimento@uol.com.br
343,Contato (E-Mail) importado com sucesso: Sra. Sofia Pinto - efreitas@ig.com.br
344,Contato (E-Mail) importado com sucesso: Felipe Peixoto - anthony06@jesus.com
345,Contato (E-Mail) importado com sucesso: Srta. Stella da Cruz - nda-cunha@bol.com.br
346,Contato (E-Mail) importado com sucesso: Thomas Costa - caue71@lopes.br
347,Contato (E-Mail) importado com sucesso: Gabriel Caldeira - joao-felipe74@da.com
348,Contato (E-Mail) importado com sucesso: Lívia Lima - xferreira@peixoto.com
349,Contato (E-Mail) importado com sucesso: Pedro Correia - mnovaes@aragao.com
350,Contato (E-Mail) importado com sucesso: Juan Santos - augusto70@martins.com
351,Contato (E-Mail) importado com sucesso: João Felipe da Costa - barbosalara@silveira.br
352,Contato (E-Mail) importado com sucesso: Diego Fogaça - qfogaca@hotmail.com
353,Contato (E-Mail) importado com sucesso: Juliana Peixoto - xsales@ig.com.br
354,Contato (E-Mail) importado com sucesso: Sra. Ana Júlia Rocha - claricebarros@ig.com.br
355,Contato (E-Mail) importado com sucesso: Gabriel Rezende - das-nevesthiago@pereira.br
356,Contato (E-Mail) importado com sucesso: Sr. Davi Lucas Porto - vianadiego@goncalves.com
357,Contato (E-Mail) importado com sucesso: Pedro Henrique Monteiro - lucas81@ig.com.br
358,Contato (E-Mail) importado com sucesso: Júlia Peixoto - emanuelda-luz@carvalho.br
359,Contato (E-Mail) importado com sucesso: Dr. Fernando Costela - santosnina@ig.com.br
360,Contato (E-Mail) importado com sucesso: Cecília Correia - da-costaalana@ig.com.br
361,Contato (E-Mail) importado com sucesso: Dr. Enrico Santos - nunesnicole@cavalcanti.net
362,Contato (E-Mail) importado com sucesso: Maria Cecília Pires - calebelopes@ferreira.com
363,Contato (E-Mail) importado com sucesso: Srta. Nina Pinto - caio39@araujo.br
364,Contato (E-Mail) importado com sucesso: Sr. Pedro Henrique Caldeira - noahpinto@gmail.com
365,Contato (E-Mail) importado com sucesso: João Vitor Rezende - ana-juliada-rocha@pires.br
366,Contato (E-Mail) importado com sucesso: Pietro Aragão - almeidabreno@pinto.com
367,Contato (E-Mail) importado com sucesso: Lucca Rocha - gfarias@gmail.com
368,Contato (E-Mail) importado com sucesso: Pietro Almeida - zcardoso@goncalves.com
369,Contato (E-Mail) importado com sucesso: Dr. João Guilherme Pinto - dmoura@yahoo.com.br
370,Contato (E-Mail) importado com sucesso: Emilly Aragão - barbosaluiz-fernando@gmail.com
371,Contato (E-Mail) importado com sucesso: Dr. Vitor Gonçalves - oliveiracaua@ig.com.br
372,Contato (E-Mail) importado com sucesso: Sra. Sarah Lima - ana-laura48@bol.com.br
373,Contato (E-Mail) importado com sucesso: Luiz Gustavo Azevedo - carlos-eduardo90@bol.com.br
374,Contato (E-Mail) importado com sucesso: Melissa Ribeiro - pintoandre@correia.br
375,Contato (E-Mail) importado com sucesso: Danilo Ferreira - francisco23@teixeira.com
376,Contato (E-Mail) importado com sucesso: Daniel Jesus - castroleonardo@porto.br
377,Contato (E-Mail) importado com sucesso: Fernanda Peixoto - vieiralucas-gabriel@ramos.com
378,Contato (E-Mail) importado com sucesso: Carolina Mendes - laviniasouza@sales.com
379,Contato (E-Mail) importado com sucesso: Fernanda Azevedo - xda-luz@uol.com.br
380,Contato (E-Mail) importado com sucesso: Leandro Azevedo - cduarte@jesus.br
381,Contato (E-Mail) importado com sucesso: Ana Júlia Nascimento - camilaramos@uol.com.br
382,Contato (E-Mail) importado com sucesso: Luna Jesus - marcelodas-neves@souza.org
383,Contato (E-Mail) importado com sucesso: Dra. Luiza Almeida - gabriel68@novaes.br
384,Contato (E-Mail) importado com sucesso: Gabrielly Mendes - azevedomaysa@da.org
385,Contato (E-Mail) importado com sucesso: Elisa da Cruz - lais54@gmail.com
386,Contato (E-Mail) importado com sucesso: Caroline da Cunha - luiz-felipegomes@gmail.com
387,Contato (E-Mail) importado com sucesso: Ana Beatriz Moraes - sabrina65@uol.com.br
388,Contato (E-Mail) importado com sucesso: Clara Martins - zcostela@barbosa.com
389,Contato (E-Mail) importado com sucesso: Nathan Freitas - diegocardoso@yahoo.com.br
390,Contato (E-Mail) importado com sucesso: Sra. Emanuella Ramos - jesusfrancisco@yahoo.com.br
391,Contato (E-Mail) importado com sucesso: Luiz Miguel Cunha - silveirakevin@hotmail.com
392,Contato (E-Mail) importado com sucesso: Manuela Costa - luanapereira@da.br
393,Contato (E-Mail) importado com sucesso: Lavínia Araújo - snovaes@barros.br
394,Contato (E-Mail) importado com sucesso: Bernardo Pinto - nunesjoao-vitor@peixoto.net
395,Contato (E-Mail) importado com sucesso: Nathan da Rosa - hda-rosa@ig.com.br
396,Contato (E-Mail) importado com sucesso: Maria Eduarda da Conceição - lda-rocha@nascimento.com
397,Contato (E-Mail) importado com sucesso: Clarice Pires - marcela81@melo.net
398,Contato (E-Mail) importado com sucesso: Dr. Vitor da Mota - inovaes@yahoo.com.br
399,Contato (E-Mail) importado com sucesso: Sr. Vicente da Luz - imoura@castro.net
400,Contato (E-Mail) importado com sucesso: Luiz Felipe Vieira - oliviapires@rocha.br
401,Contato (E-Mail) importado com sucesso: Davi Rodrigues - da-conceicaoagatha@bol.com.br
402,Contato (E-Mail) importado com sucesso: Enrico Dias - pedro13@ribeiro.br
403,Contato (E-Mail) importado com sucesso: Davi Lucas Pires - manuela61@cavalcanti.com
404,Contato (E-Mail) importado com sucesso: Dra. Letícia Aragão - luiz-gustavoda-cunha@fernandes.br
405,Contato (E-Mail) importado com sucesso: Sra. Evelyn Ferreira - eduardapinto@rocha.br
406,Contato (E-Mail) importado com sucesso: João Pedro Duarte - julia47@da.com
407,Contato (E-Mail) importado com sucesso: Thomas Cardoso - hbarros@peixoto.com
408,Contato (E-Mail) importado com sucesso: Arthur Monteiro - meloana-julia@bol.com.br
409,Contato (E-Mail) importado com sucesso: Pedro Lucas Cardoso - lais15@ig.com.br
410,Contato (E-Mail) importado com sucesso: Laís Moura - moraeselisa@uol.com.br
411,Contato (E-Mail) importado com sucesso: Dr. João Vitor Lima - ana-luiza78@uol.com.br
412,Contato (E-Mail) importado com sucesso: Igor Alves - ypereira@gmail.com
413,Contato (E-Mail) importado com sucesso: Maria Luiza Azevedo - gustavomoraes@caldeira.com
414,Contato (E-Mail) importado com sucesso: Vitor Hugo Ribeiro - bianca26@ig.com.br
415,Contato (E-Mail) importado com sucesso: Maria Sophia da Paz - clara72@uol.com.br
416,Contato (E-Mail) importado com sucesso: Sr. Eduardo da Mata - santosbruna@campos.com
417,Contato (E-Mail) importado com sucesso: Yuri Campos - pnogueira@rodrigues.org
418,Contato (E-Mail) importado com sucesso: Pedro Lucas Azevedo - nogueiragabrielly@bol.com.br
419,Contato (E-Mail) importado com sucesso: Leandro Carvalho - xaragao@barros.net
420,Contato (E-Mail) importado com sucesso: André da Mota - sabrinacardoso@ig.com.br
421,Contato (E-Mail) importado com sucesso: Sr. Diego Silveira - pintojoana@yahoo.com.br
422,Contato (E-Mail) importado com sucesso: Sr. Luiz Otávio Souza - barrosnina@vieira.br
423,Contato (E-Mail) importado com sucesso: Amanda Caldeira - osantos@lima.com
424,Contato (E-Mail) importado com sucesso: Heitor da Mata - yrocha@hotmail.com
425,Contato (E-Mail) importado com sucesso: Ana Beatriz Cardoso - bryanmartins@yahoo.com.br
426,Contato (E-Mail) importado com sucesso: Dra. Marina da Rosa - olima@ig.com.br
427,Contato (E-Mail) importado com sucesso: Rafael Carvalho - luigi59@gmail.com
428,Contato (E-Mail) importado com sucesso: Ana Carolina Sales - estherda-luz@farias.com
429,Contato (E-Mail) importado com sucesso: Dr. João Felipe Martins - luana38@gmail.com
430,Contato (E-Mail) importado com sucesso: Esther Moreira - larissarezende@hotmail.com
431,Contato (E-Mail) importado com sucesso: Gabriela da Rocha - rporto@lima.net
432,Contato (E-Mail) importado com sucesso: Dra. Gabrielly Campos - larissacampos@rodrigues.org
433,Contato (E-Mail) importado com sucesso: Davi Gonçalves - sofia88@bol.com.br
434,Contato (E-Mail) importado com sucesso: Maria Almeida - diego12@bol.com.br
435,Contato (E-Mail) importado com sucesso: Davi Luiz Gonçalves - marina77@oliveira.br
436,Contato (E-Mail) importado com sucesso: Elisa Costa - barbosalarissa@uol.com.br
437,Contato (E-Mail) importado com sucesso: Sra. Stephany Melo - mda-rosa@gmail.com
438,Contato (E-Mail) importado com sucesso: Dra. Sophia Nascimento - ana-beatrizda-mota@uol.com.br
439,Contato (E-Mail) importado com sucesso: Dra. Mariane Souza - eloah77@freitas.br
440,Contato (E-Mail) importado com sucesso: Kaique da Conceição - da-costafernanda@hotmail.com
441,Contato (E-Mail) importado com sucesso: Sr. Luiz Henrique Nogueira - sabrina74@lopes.br
442,Contato (E-Mail) importado com sucesso: Lívia da Luz - marianasilveira@fogaca.com
443,Contato (E-Mail) importado com sucesso: Vitor Hugo Rodrigues - pietronogueira@azevedo.com
444,Contato (E-Mail) importado com sucesso: Srta. Bárbara Pereira - da-rochaalexandre@hotmail.com
445,Contato (E-Mail) importado com sucesso: Carlos Eduardo da Mota - valentinamoreira@yahoo.com.br
446,Contato (E-Mail) importado com sucesso: Elisa Ramos - lorenada-costa@costa.br
447,Contato (E-Mail) importado com sucesso: Luigi Lima - pietro10@yahoo.com.br
448,Contato (E-Mail) importado com sucesso: Diogo Alves - vieiramarcelo@souza.br
449,Contato (E-Mail) importado com sucesso: Daniel Caldeira - mcarvalho@moraes.com
450,Contato (E-Mail) importado com sucesso: Lavínia Pinto - gabriellysilveira@souza.com
451,Contato (E-Mail) importado com sucesso: Melissa Oliveira - maysacastro@viana.br
452,Contato (E-Mail) importado com sucesso: Sr. João Felipe Dias - azevedoleandro@hotmail.com
453,Contato (E-Mail) importado com sucesso: Heloísa Ramos - joao90@hotmail.com
454,Contato (E-Mail) importado com sucesso: Nicole Gonçalves - jda-cunha@bol.com.br
455,Contato (E-Mail) importado com sucesso: Nicole Moura - aliciadias@uol.com.br
456,Contato (E-Mail) importado com sucesso: Lucas Gabriel da Cunha - fariasbenjamin@cardoso.com
457,Contato (E-Mail) importado com sucesso: Sra. Lavínia da Cunha - antonio87@hotmail.com
458,Contato (E-Mail) importado com sucesso: Eloah das Neves - ana-luiza92@nogueira.com
459,Contato (E-Mail) importado com sucesso: Mariana Aragão - qlopes@nunes.org
460,Contato (E-Mail) importado com sucesso: Manuela Moraes - enzo01@da.com
461,Contato (E-Mail) importado com sucesso: Danilo Araújo - carolinaviana@bol.com.br
462,Contato (E-Mail) importado com sucesso: Miguel Jesus - davi90@ig.com.br
463,Contato (E-Mail) importado com sucesso: Murilo Nascimento - nascimentomarcos-vinicius@bol.com.br
464,Contato (E-Mail) importado com sucesso: Kevin da Mata - vcardoso@farias.br
465,Contato (E-Mail) importado com sucesso: Vitória Carvalho - da-conceicaoraul@gmail.com
466,Contato (E-Mail) importado com sucesso: Dr. Gustavo Lima - rodrigopinto@moura.net
467,Contato (E-Mail) importado com sucesso: Ana Laura da Cunha - bda-cruz@gmail.com
468,Contato (E-Mail) importado com sucesso: Luiz Fernando Ribeiro - arthurda-rosa@castro.br
469,Contato (E-Mail) importado com sucesso: Gabrielly Vieira - camila02@yahoo.com.br
470,Contato (E-Mail) importado com sucesso: Stephany Barros - pedro-lucasnogueira@da.br
471,Contato (E-Mail) importado com sucesso: Gabrielly Lopes - gsouza@sales.net
472,Contato (E-Mail) importado com sucesso: Luiza Ribeiro - felipesilva@uol.com.br
473,Contato (E-Mail) importado com sucesso: Dr. Matheus Costa - juansales@gmail.com
474,Contato (E-Mail) importado com sucesso: Luigi Aragão - nicoleda-rocha@rezende.org
475,Contato (E-Mail) importado com sucesso: Manuela da Rosa - cfernandes@da.net
476,Contato (E-Mail) importado com sucesso: Vitor Hugo Souza - vsilveira@costela.com
477,Contato (E-Mail) importado com sucesso: Maria Alice Cunha - amanda21@bol.com.br
478,Contato (E-Mail) importado com sucesso: Isis Ribeiro - marceloribeiro@fernandes.br
479,Contato (E-Mail) importado com sucesso: Levi Fogaça - rebecanovaes@silveira.com
480,Contato (E-Mail) importado com sucesso: Luna da Cruz - theo15@bol.com.br
481,Contato (E-Mail) importado com sucesso: Diogo da Mata - costelaalexia@gmail.com
482,Contato (E-Mail) importado com sucesso: Dr. Augusto da Cunha - luiz-miguelbarros@pires.com
483,Contato (E-Mail) importado com sucesso: Diogo Cardoso - ada-rosa@moura.com
484,Contato (E-Mail) importado com sucesso: Ana Julia da Costa - ramoscarolina@ribeiro.net
485,Contato (E-Mail) importado com sucesso: Dr. Isaac da Costa - vitorsantos@pires.br
486,Contato (E-Mail) importado com sucesso: Maria Clara da Conceição - yasminmonteiro@da.com
487,Contato (E-Mail) importado com sucesso: Samuel das Neves - wcostela@yahoo.com.br
488,Contato (E-Mail) importado com sucesso: Isadora Santos - ecastro@uol.com.br
489,Contato (E-Mail) importado com sucesso: João Pedro Ferreira - barbosarebeca@fernandes.com
490,Contato (E-Mail) importado com sucesso: Davi Luiz das Neves - heloisabarros@uol.com.br
491,Contato (E-Mail) importado com sucesso: Dr. Emanuel Peixoto - pedro-henriquecarvalho@ig.com.br
492,Contato (E-Mail) importado com sucesso: Joana Barbosa - ana-julia54@gmail.com
493,Contato (E-Mail) importado com sucesso: Arthur Costa - nribeiro@gmail.com
494,Contato (E-Mail) importado com sucesso: Gabriela Silva - gfogaca@bol.com.br
495,Contato (E-Mail) importado com sucesso: Lucas Gabriel Costa - lucasda-cunha@castro.com
496,Contato (E-Mail) importado com sucesso: Brenda Monteiro - leonardo50@ig.com.br
497,Contato (E-Mail) importado com sucesso: Ana Luiza Martins - vitor-hugo65@yahoo.com.br
498,Contato (E-Mail) importado com sucesso: Isabella da Mota - yasmin18@castro.br
499,Contato (E-Mail) importado com sucesso: Lavínia Barros - ana-vitoriamelo@almeida.br
500,Contato (E-Mail) importado com sucesso: João Guilherme Rocha - fernandobarbosa@hotmail.com
501,Contato (E-Mail) importado com sucesso: Srta. Maria Eduarda da Mata - nicole39@almeida.net
502,Contato (E-Mail) importado com sucesso: Stephany Cunha - oliviada-luz@santos.br
503,Contato (E-Mail) importado com sucesso: Noah Pereira - nathanferreira@uol.com.br
504,Contato (E-Mail) importado com sucesso: Ana Luiza Sales - isales@hotmail.com
505,Contato (E-Mail) importado com sucesso: Dr. Otávio Rodrigues - bianca91@silveira.br
506,Contato (E-Mail) importado com sucesso: Enzo Gabriel Duarte - vitor-gabrielgomes@gomes.com
507,Contato (E-Mail) importado com sucesso: Alícia Melo - nataliasantos@sales.com
508,Contato (E-Mail) importado com sucesso: Isadora Cavalcanti - alicia45@nogueira.org
509,Contato (E-Mail) importado com sucesso: Marcos Vinicius Novaes - marcelacunha@ig.com.br
510,Contato (E-Mail) importado com sucesso: Sra. Cecília da Rosa - murilocavalcanti@yahoo.com.br
511,Contato (E-Mail) importado com sucesso: Thales Dias - gustavo-henrique40@ramos.br
512,Contato (E-Mail) importado com sucesso: Daniel Farias - evelyn73@caldeira.com
513,Contato (E-Mail) importado com sucesso: Ana Luiza Monteiro - rezendemaria-fernanda@cardoso.com
514,Contato (E-Mail) importado com sucesso: Maria Clara Barbosa - usouza@freitas.net
515,Contato (E-Mail) importado com sucesso: Marcos Vinicius Alves - rvieira@araujo.com
516,Contato (E-Mail) importado com sucesso: Catarina Ramos - qcaldeira@gmail.com
517,Contato (E-Mail) importado com sucesso: Pietra da Costa - davi-lucca52@uol.com.br
518,Contato (E-Mail) importado com sucesso: Luiz Gustavo Correia - ana-livia49@campos.com
519,Contato (E-Mail) importado com sucesso: Augusto Rodrigues - zfarias@gmail.com
520,Contato (E-Mail) importado com sucesso: Pedro Henrique Costa - augustocarvalho@uol.com.br
521,Contato (E-Mail) importado com sucesso: Emilly Ferreira - monteiromarcelo@araujo.br
522,Contato (E-Mail) importado com sucesso: Davi Ramos - maite88@dias.net
523,Contato (E-Mail) importado com sucesso: Arthur Almeida - pintorafael@uol.com.br
524,Contato (E-Mail) importado com sucesso: Dr. Matheus Nascimento - marinanovaes@ferreira.net
525,Contato (E-Mail) importado com sucesso: Davi da Mota - diogoteixeira@hotmail.com
526,Contato (E-Mail) importado com sucesso: Maria Sophia das Neves - bviana@da.br
527,Contato (E-Mail) importado com sucesso: Marina da Luz - juliana78@gmail.com
528,Contato (E-Mail) importado com sucesso: Henrique Barros - gabrielamartins@gmail.com
529,Contato (E-Mail) importado com sucesso: Natália Silveira - larissa16@silveira.br
530,Contato (E-Mail) importado com sucesso: Heitor Ferreira - da-rochalucca@bol.com.br
531,Contato (E-Mail) importado com sucesso: Esther da Paz - hmendes@moreira.com
532,Contato (E-Mail) importado com sucesso: João Miguel Duarte - yda-rocha@aragao.com
533,Contato (E-Mail) importado com sucesso: Vicente Costela - dcardoso@uol.com.br
534,Contato (E-Mail) importado com sucesso: Paulo Cunha - valentinaazevedo@gmail.com
535,Contato (E-Mail) importado com sucesso: Caio Nascimento - kaique63@gmail.com
536,Contato (E-Mail) importado com sucesso: Sr. Fernando Freitas - xda-rocha@araujo.com
537,Contato (E-Mail) importado com sucesso: Thomas Ramos - xda-mata@ribeiro.org
538,Contato (E-Mail) importado com sucesso: Sra. Luna Moraes - diegoazevedo@moura.com
539,Contato (E-Mail) importado com sucesso: Lorena Gomes - otaviofernandes@caldeira.com
540,Contato (E-Mail) importado com sucesso: Sra. Lorena Jesus - giovanna17@viana.br
541,Contato (E-Mail) importado com sucesso: Sabrina Barros - ana-julia54@gmail.com
542,Contato (E-Mail) importado com sucesso: Maria Julia das Neves - isis85@hotmail.com
543,Contato (E-Mail) importado com sucesso: Vitória Novaes - da-motaalicia@dias.net
544,Contato (E-Mail) importado com sucesso: Ana Sophia da Mota - lorenacorreia@correia.br
545,Contato (E-Mail) importado com sucesso: Sofia Carvalho - peixotonatalia@lopes.com
546,Contato (E-Mail) importado com sucesso: Cauã Jesus - pedro-henrique44@ig.com.br
547,Contato (E-Mail) importado com sucesso: Beatriz Moreira - igor60@da.com
548,Contato (E-Mail) importado com sucesso: Sr. Vicente da Cunha - cardosomirella@costela.org
549,Contato (E-Mail) importado com sucesso: João Miguel Araújo - da-matastella@caldeira.com
550,Contato (E-Mail) importado com sucesso: Srta. Melissa Rezende - lramos@hotmail.com
551,Contato (E-Mail) importado com sucesso: Lívia Teixeira - da-matamilena@da.com
552,Contato (E-Mail) importado com sucesso: Sofia da Rosa - karaujo@cunha.com
553,Contato (E-Mail) importado com sucesso: Sophie Caldeira - gustavo-henriquemartins@sales.br
554,Contato (E-Mail) importado com sucesso: Bernardo Ferreira - melissa95@gmail.com
555,Contato (E-Mail) importado com sucesso: Bryan Santos - beatriz87@moreira.br
556,Contato (E-Mail) importado com sucesso: Joaquim Correia - oliviacastro@hotmail.com
557,Contato (E-Mail) importado com sucesso: Dr. João Vitor Moreira - iazevedo@dias.br
558,Contato (E-Mail) importado com sucesso: Sabrina Lopes - melissa82@cunha.com
559,Contato (E-Mail) importado com sucesso: Paulo Costela - fnascimento@uol.com.br
560,Contato (E-Mail) importado com sucesso: Bianca Cardoso - jfogaca@gmail.com
561,Contato (E-Mail) importado com sucesso: Dr. Yuri Moreira - malmeida@uol.com.br
562,Contato (E-Mail) importado com sucesso: Heitor Campos - beatrizgoncalves@goncalves.com
563,Contato (E-Mail) importado com sucesso: Catarina da Paz - eda-mota@duarte.com
564,Contato (E-Mail) importado com sucesso: Augusto Rodrigues - danilo86@yahoo.com.br
565,Contato (E-Mail) importado com sucesso: Lucca da Costa - brenofernandes@teixeira.br
566,Contato (E-Mail) importado com sucesso: Benício Gonçalves - alexandre30@goncalves.com
567,Contato (E-Mail) importado com sucesso: Joana Barros - barrosbeatriz@bol.com.br
568,Contato (E-Mail) importado com sucesso: Heitor Fernandes - luiz-henrique10@nascimento.br
569,Contato (E-Mail) importado com sucesso: Agatha Freitas - das-nevesdavi-lucca@fogaca.br
570,Contato (E-Mail) importado com sucesso: Davi Lucas Porto - gomesbenjamin@mendes.com
571,Contato (E-Mail) importado com sucesso: Alice Moraes - sribeiro@costela.org
572,Contato (E-Mail) importado com sucesso: Luiz Otávio Pires - araujoluiz-henrique@moura.com
573,Contato (E-Mail) importado com sucesso: Melissa Caldeira - brunoda-costa@pinto.com
574,Contato (E-Mail) importado com sucesso: Miguel Farias - balves@uol.com.br
575,Contato (E-Mail) importado com sucesso: Thiago Ramos - da-rochavitor-gabriel@uol.com.br
576,Contato (E-Mail) importado com sucesso: Bernardo da Costa - eloah56@gmail.com
577,Contato (E-Mail) importado com sucesso: Paulo das Neves - kamilly95@bol.com.br
578,Contato (E-Mail) importado com sucesso: Dr. Guilherme Nascimento - rodrigo74@ig.com.br
579,Contato (E-Mail) importado com sucesso: Sra. Maria Sophia Campos - jmartins@ig.com.br
580,Contato (E-Mail) importado com sucesso: Nina Gomes - lcavalcanti@yahoo.com.br
581,Contato (E-Mail) importado com sucesso: Sr. Breno Lima - lorenzocosta@hotmail.com
582,Contato (E-Mail) importado com sucesso: Sra. Yasmin da Cruz - costelaalicia@aragao.br
583,Contato (E-Mail) importado com sucesso: Cauã Nunes - da-matathomas@lopes.br
584,Contato (E-Mail) importado com sucesso: Luiz Miguel Almeida - gabriel35@peixoto.com
585,Contato (E-Mail) importado com sucesso: Sra. Caroline Ramos - thomas51@yahoo.com.br
586,Contato (E-Mail) importado com sucesso: Carolina Pires - da-luzmaria-vitoria@gmail.com
587,Contato (E-Mail) importado com sucesso: Lucas Alves - rafael03@freitas.com
588,Contato (E-Mail) importado com sucesso: Guilherme Azevedo - carvalhokaique@caldeira.org
589,Contato (E-Mail) importado com sucesso: João Guilherme Nogueira - mariateixeira@uol.com.br
590,Contato (E-Mail) importado com sucesso: Luiz Otávio Rodrigues - znunes@yahoo.com.br
591,Contato (E-Mail) importado com sucesso: Sra. Yasmin das Neves - julia86@castro.org
592,Contato (E-Mail) importado com sucesso: Lorenzo Santos - qnovaes@carvalho.com
593,Contato (E-Mail) importado com sucesso: Laura Dias - freitasana-julia@da.com
594,Contato (E-Mail) importado com sucesso: João Miguel Freitas - scardoso@novaes.net
595,Contato (E-Mail) importado com sucesso: Felipe Porto - jnunes@gmail.com
596,Contato (E-Mail) importado com sucesso: Clara Alves - das-nevesbenjamin@yahoo.com.br
597,Contato (E-Mail) importado com sucesso: Ana Luiza Gomes - jesusnoah@cardoso.br
598,Contato (E-Mail) importado com sucesso: Natália Silveira - da-matalorenzo@da.br
599,Contato (E-Mail) importado com sucesso: Laura Melo - almeidastephany@dias.com
600,Contato (E-Mail) importado com sucesso: Pedro Miguel Silveira - jda-rocha@fogaca.br
601,Contato (E-Mail) importado com sucesso: Dr. Henrique Moura - novaesagatha@freitas.net
602,Contato (E-Mail) importado com sucesso: Lucas Cavalcanti - maria-fernanda14@gmail.com
603,Contato (E-Mail) importado com sucesso: Mariana da Rosa - luizada-cunha@yahoo.com.br
604,Contato (E-Mail) importado com sucesso: Raquel da Costa - gdias@barbosa.br
605,Contato (E-Mail) importado com sucesso: Valentina Oliveira - vmoraes@hotmail.com
606,Contato (E-Mail) importado com sucesso: Maria Gomes - valentinamartins@ig.com.br
607,Contato (E-Mail) importado com sucesso: Stella Fernandes - joao-felipe58@nogueira.br
608,Contato (E-Mail) importado com sucesso: Laís da Conceição - da-luzraquel@hotmail.com
609,Contato (E-Mail) importado com sucesso: João Guilherme Souza - pcorreia@gmail.com
610,Contato (E-Mail) importado com sucesso: Stella Caldeira - luana53@gmail.com
611,Contato (E-Mail) importado com sucesso: Stella Correia - ada-mata@fogaca.net
612,Contato (E-Mail) importado com sucesso: Isis da Costa - fogacabenjamin@hotmail.com
613,Contato (E-Mail) importado com sucesso: Dr. Lucca Nogueira - henrique89@souza.br
614,Contato (E-Mail) importado com sucesso: Diogo Mendes - kteixeira@hotmail.com
615,Contato (E-Mail) importado com sucesso: Helena Cardoso - sfreitas@cunha.br
616,Contato (E-Mail) importado com sucesso: João Miguel da Mata - maria-alice80@uol.com.br
617,Contato (E-Mail) importado com sucesso: Isabella Viana - vitoriamonteiro@bol.com.br
618,Contato (E-Mail) importado com sucesso: Alexia Rodrigues - ana-vitoria61@uol.com.br
619,Contato (E-Mail) importado com sucesso: Maitê Nascimento - brendada-rosa@cavalcanti.com
620,Contato (E-Mail) importado com sucesso: Rafaela Silva - novaesjoao@bol.com.br
621,Contato (E-Mail) importado com sucesso: Yasmin Carvalho - pedro-miguelcunha@gmail.com
622,Contato (E-Mail) importado com sucesso: Vicente Nascimento - pereiraana-sophia@teixeira.br
623,Contato (E-Mail) importado com sucesso: Ana Lívia Nunes - joao-pedro06@caldeira.net
624,Contato (E-Mail) importado com sucesso: Lívia Azevedo - clara56@barros.br
625,Contato (E-Mail) importado com sucesso: Carolina Rodrigues - isadoramendes@costela.com
626,Contato (E-Mail) importado com sucesso: Lara Cardoso - tsilva@yahoo.com.br
627,Contato (E-Mail) importado com sucesso: Ana Laura Monteiro - lda-costa@gmail.com
628,Contato (E-Mail) importado com sucesso: Isabel Caldeira - da-motajoao-gabriel@farias.br
629,Contato (E-Mail) importado com sucesso: Benício Oliveira - giovannamoreira@costa.com
630,Contato (E-Mail) importado com sucesso: Bryan da Mota - camposcaue@silva.com
631,Contato (E-Mail) importado com sucesso: Sr. Arthur Sales - pedro61@pires.br
632,Contato (E-Mail) importado com sucesso: Luiz Felipe Sales - enzo-gabriel63@ig.com.br
633,Contato (E-Mail) importado com sucesso: Gabrielly Santos - xaraujo@bol.com.br
634,Contato (E-Mail) importado com sucesso: Lorenzo Oliveira - pietradas-neves@gmail.com
635,Contato (E-Mail) importado com sucesso: Danilo Cunha - cardosoluiz-fernando@cunha.com
636,Contato (E-Mail) importado com sucesso: Manuela da Rosa - nicolaspires@hotmail.com
637,Contato (E-Mail) importado com sucesso: Pedro Henrique Pereira - luana82@da.net
638,Contato (E-Mail) importado com sucesso: Amanda Ribeiro - sda-costa@bol.com.br
639,Contato (E-Mail) importado com sucesso: Yago Cardoso - nathan34@hotmail.com
640,Contato (E-Mail) importado com sucesso: Erick Aragão - brenocaldeira@bol.com.br
641,Contato (E-Mail) importado com sucesso: Lívia da Paz - oliveiraguilherme@yahoo.com.br
642,Contato (E-Mail) importado com sucesso: Emanuel Fogaça - marcela03@uol.com.br
643,Contato (E-Mail) importado com sucesso: Bianca Sales - yporto@monteiro.org
644,Contato (E-Mail) importado com sucesso: Murilo Cunha - lunavieira@bol.com.br
645,Contato (E-Mail) importado com sucesso: Maria Vitória Silveira - joao-felipeda-conceicao@barros.com
646,Contato (E-Mail) importado com sucesso: Eloah da Rocha - liviadas-neves@das.net
647,Contato (E-Mail) importado com sucesso: Sr. Davi Lucas Santos - ufreitas@cunha.br
648,Contato (E-Mail) importado com sucesso: Thomas Alves - wlima@goncalves.br
649,Contato (E-Mail) importado com sucesso: Brenda Silva - luiz-felipe53@yahoo.com.br
650,Contato (E-Mail) importado com sucesso: Isabel Porto - vitor-gabriel12@ig.com.br
651,Contato (E-Mail) importado com sucesso: Dra. Laura Alves - ccosta@das.com
652,Contato (E-Mail) importado com sucesso: Fernanda Duarte - karagao@yahoo.com.br
653,Contato (E-Mail) importado com sucesso: Sra. Maria Lima - maria-alice67@hotmail.com
654,Contato (E-Mail) importado com sucesso: Mariane Duarte - oliveiraalice@yahoo.com.br
655,Contato (E-Mail) importado com sucesso: Gustavo da Cunha - cecilia52@gmail.com
656,Contato (E-Mail) importado com sucesso: Henrique Monteiro - carolina07@ig.com.br
657,Contato (E-Mail) importado com sucesso: Isabella Ferreira - gabriela96@ig.com.br
658,Contato (E-Mail) importado com sucesso: Brenda Oliveira - lucas11@bol.com.br
659,Contato (E-Mail) importado com sucesso: Benjamin Novaes - da-cunhasofia@yahoo.com.br
660,Contato (E-Mail) importado com sucesso: Maria Cardoso - raulmonteiro@das.br
661,Contato (E-Mail) importado com sucesso: Isadora Gomes - clarice95@goncalves.br
662,Contato (E-Mail) importado com sucesso: Isis Cunha - teixeiraluana@gmail.com
663,Contato (E-Mail) importado com sucesso: Alexandre Rezende - cunhabeatriz@da.br
664,Contato (E-Mail) importado com sucesso: Heitor Rodrigues - ninacunha@nogueira.br
665,Contato (E-Mail) importado com sucesso: Sra. Yasmin da Luz - vda-rosa@da.com
666,Contato (E-Mail) importado com sucesso: Sr. Erick Ferreira - joao-guilherme67@ferreira.com
667,Contato (E-Mail) importado com sucesso: Bruno Nascimento - ksouza@araujo.org
668,Contato (E-Mail) importado com sucesso: Alexandre Cavalcanti - pedro-miguel53@vieira.net
669,Contato (E-Mail) importado com sucesso: Maitê Moraes - olivia97@bol.com.br
670,Contato (E-Mail) importado com sucesso: Isaac Costela - maria-luizafogaca@hotmail.com
671,Contato (E-Mail) importado com sucesso: Lucas Gabriel Souza - lorenzo14@gmail.com
672,Contato (E-Mail) importado com sucesso: Isabella Aragão - opereira@yahoo.com.br
673,Contato (E-Mail) importado com sucesso: Luiz Felipe Castro - santosluiz-gustavo@monteiro.com
674,Contato (E-Mail) importado com sucesso: Lorena Fogaça - benjamin94@nascimento.com
675,Contato (E-Mail) importado com sucesso: Dr. Miguel Novaes - cramos@da.br
676,Contato (E-Mail) importado com sucesso: Sra. Laura Silva - tsilva@gmail.com
677,Contato (E-Mail) importado com sucesso: Samuel Costa - evelynmartins@da.org
678,Contato (E-Mail) importado com sucesso: Srta. Giovanna da Cruz - joaoda-cruz@cavalcanti.br
679,Contato (E-Mail) importado com sucesso: Yasmin Lopes - das-nevesbenicio@da.br
680,Contato (E-Mail) importado com sucesso: Dra. Lívia Carvalho - gabrielda-mata@ig.com.br
681,Contato (E-Mail) importado com sucesso: Pedro Miguel Rodrigues - isantos@ig.com.br
682,Contato (E-Mail) importado com sucesso: Rodrigo Azevedo - tjesus@hotmail.com
683,Contato (E-Mail) importado com sucesso: Isabelly das Neves - erickcaldeira@yahoo.com.br
684,Contato (E-Mail) importado com sucesso: João Lucas Campos - milena34@hotmail.com
685,Contato (E-Mail) importado com sucesso: Bruno Oliveira - laura81@nascimento.com
686,Contato (E-Mail) importado com sucesso: Srta. Eduarda Mendes - milenaalmeida@uol.com.br
687,Contato (E-Mail) importado com sucesso: Sr. Thiago da Luz - henrique23@bol.com.br
688,Contato (E-Mail) importado com sucesso: Isis Martins - mcostela@mendes.br
689,Contato (E-Mail) importado com sucesso: Noah Dias - mirella27@uol.com.br
690,Contato (E-Mail) importado com sucesso: Laís Cavalcanti - hduarte@nunes.com
691,Contato (E-Mail) importado com sucesso: Yasmin Mendes - diogo08@da.br
692,Contato (E-Mail) importado com sucesso: Lucas Gabriel Ramos - azevedomaria-julia@pires.com
693,Contato (E-Mail) importado com sucesso: Gabriela Moreira - fgoncalves@ramos.net
694,Contato (E-Mail) importado com sucesso: Dr. Luigi da Mata - urezende@fernandes.br
695,Contato (E-Mail) importado com sucesso: Maysa Moura - xda-rosa@ig.com.br
696,Contato (E-Mail) importado com sucesso: Sophia Cavalcanti - valentina91@hotmail.com
697,Contato (E-Mail) importado com sucesso: Enzo Gabriel Moura - lunaazevedo@sales.net
698,Contato (E-Mail) importado com sucesso: Srta. Bianca Costela - lauraaraujo@gmail.com
699,Contato (E-Mail) importado com sucesso: Yago Ferreira - manuelamoreira@moraes.br
700,Contato (E-Mail) importado com sucesso: Luiza Pinto - alexandre20@hotmail.com
701,Contato (E-Mail) importado com sucesso: Luana Pereira - isilva@yahoo.com.br
702,Contato (E-Mail) importado com sucesso: Luiz Felipe Dias - limabernardo@carvalho.net
703,Contato (E-Mail) importado com sucesso: Vitor Gabriel Azevedo - felipecunha@dias.org
704,Contato (E-Mail) importado com sucesso: Carolina Nascimento - antonio17@carvalho.org
705,Contato (E-Mail) importado com sucesso: Ana Laura Porto - bruno33@uol.com.br
706,Contato (E-Mail) importado com sucesso: Guilherme Viana - alana43@rodrigues.net
707,Contato (E-Mail) importado com sucesso: Evelyn da Conceição - yasminfreitas@campos.br
708,Contato (E-Mail) importado com sucesso: Lucas Moreira - fmonteiro@costela.br
709,Contato (E-Mail) importado com sucesso: Davi Lucca Cunha - cpereira@caldeira.br
710,Contato (E-Mail) importado com sucesso: Milena Pires - isadoradas-neves@nascimento.com
711,Contato (E-Mail) importado com sucesso: Emanuel Almeida - fernandesamanda@da.com
712,Contato (E-Mail) importado com sucesso: Lucas Gabriel Gonçalves - barbosalara@barros.com
713,Contato (E-Mail) importado com sucesso: Davi Luiz da Rocha - da-costabenicio@ig.com.br
714,Contato (E-Mail) importado com sucesso: Enrico da Cunha - fernandessophia@hotmail.com
715,Contato (E-Mail) importado com sucesso: Manuela Gonçalves - monteiromaria@goncalves.com
716,Contato (E-Mail) importado com sucesso: Elisa Gonçalves - pedroaraujo@hotmail.com
717,Contato (E-Mail) importado com sucesso: Sra. Eloah Ferreira - efernandes@bol.com.br
718,Contato (E-Mail) importado com sucesso: Srta. Ana Júlia Lopes - piresmariana@gmail.com
719,Contato (E-Mail) importado com sucesso: Dra. Milena Rocha - melocaua@uol.com.br
720,Contato (E-Mail) importado com sucesso: João Pedro Jesus - rnogueira@uol.com.br
721,Contato (E-Mail) importado com sucesso: Dra. Manuela Novaes - benjaminda-paz@nascimento.br
722,Contato (E-Mail) importado com sucesso: Lorenzo Barbosa - matheus35@hotmail.com
723,Contato (E-Mail) importado com sucesso: Dr. Paulo Castro - nsouza@ramos.br
724,Contato (E-Mail) importado com sucesso: Dr. Marcos Vinicius Cardoso - maria-eduarda67@moraes.com
725,Contato (E-Mail) importado com sucesso: Benício da Cruz - ffogaca@hotmail.com
726,Contato (E-Mail) importado com sucesso: Ana Vitória da Mota - yviana@da.com
727,Contato (E-Mail) importado com sucesso: Esther Aragão - correiapietra@gmail.com
728,Contato (E-Mail) importado com sucesso: Dr. Benjamin da Mota - ifernandes@yahoo.com.br
729,Contato (E-Mail) importado com sucesso: Ana Julia Costela - costagabrielly@peixoto.com
730,Contato (E-Mail) importado com sucesso: Augusto Cunha - lopesotavio@correia.com
731,Contato (E-Mail) importado com sucesso: Bernardo Cunha - amanda48@costela.com
732,Contato (E-Mail) importado com sucesso: Sabrina da Cruz - ana-lauracarvalho@da.br
733,Contato (E-Mail) importado com sucesso: Cauã Lopes - emillypeixoto@uol.com.br
734,Contato (E-Mail) importado com sucesso: Sr. Lucas Porto - maria-alicemendes@gmail.com
735,Contato (E-Mail) importado com sucesso: Dr. Joaquim Pinto - helenamoura@yahoo.com.br
736,Contato (E-Mail) importado com sucesso: Kevin Nunes - alexandre48@rocha.org
737,Contato (E-Mail) importado com sucesso: Giovanna Porto - ana-juliadias@yahoo.com.br
738,Contato (E-Mail) importado com sucesso: Kaique Souza - joao-pedro47@uol.com.br
739,Contato (E-Mail) importado com sucesso: Letícia Correia - kgomes@fogaca.com
740,Contato (E-Mail) importado com sucesso: Vitor Pires - ana-luiza41@ferreira.com
741,Contato (E-Mail) importado com sucesso: Dr. Pietro Novaes - da-pazluiz-henrique@bol.com.br
742,Contato (E-Mail) importado com sucesso: Maria Clara Cardoso - mpires@nogueira.br
743,Contato (E-Mail) importado com sucesso: Vitor Porto - lucas-gabrielfogaca@yahoo.com.br
744,Contato (E-Mail) importado com sucesso: Dr. João Pedro Viana - gda-conceicao@ig.com.br
745,Contato (E-Mail) importado com sucesso: João Miguel Nunes - pauloda-cunha@costela.br
746,Contato (E-Mail) importado com sucesso: Evelyn Freitas - luiz-otavioda-paz@uol.com.br
747,Contato (E-Mail) importado com sucesso: Emanuella Silva - theo60@hotmail.com
748,Contato (E-Mail) importado com sucesso: Thomas Cavalcanti - pedro-miguel86@da.com
749,Contato (E-Mail) importado com sucesso: Letícia Araújo - amandaramos@mendes.br
750,Contato (E-Mail) importado com sucesso: Sr. Rodrigo Nogueira - marianada-costa@bol.com.br
751,Contato (E-Mail) importado com sucesso: Sr. Vicente Viana - pedro-miguel56@gmail.com
752,Contato (E-Mail) importado com sucesso: Kevin Moreira - antoniomonteiro@gmail.com
753,Contato (E-Mail) importado com sucesso: André Fernandes - aliciapereira@uol.com.br
754,Contato (E-Mail) importado com sucesso: Anthony Costela - renanrodrigues@bol.com.br
755,Contato (E-Mail) importado com sucesso: Sophia Ramos - da-motanoah@duarte.org
756,Contato (E-Mail) importado com sucesso: Maitê Vieira - costelajuan@yahoo.com.br
757,Contato (E-Mail) importado com sucesso: Emanuella Melo - fda-costa@das.br
758,Contato (E-Mail) importado com sucesso: João Felipe Farias - kda-costa@uol.com.br
759,Contato (E-Mail) importado com sucesso: Srta. Maysa Moraes - matheusporto@correia.com
760,Contato (E-Mail) importado com sucesso: Diego Barbosa - daniel05@gmail.com
761,Contato (E-Mail) importado com sucesso: Luiz Gustavo Santos - davi-luiz00@ig.com.br
762,Contato (E-Mail) importado com sucesso: João Felipe Teixeira - caio82@silveira.org
763,Contato (E-Mail) importado com sucesso: Maria Clara Barbosa - helena09@hotmail.com
764,Contato (E-Mail) importado com sucesso: Giovanna Costela - bdas-neves@uol.com.br
765,Contato (E-Mail) importado com sucesso: Heloísa Silveira - beatrizsilveira@gmail.com
766,Contato (E-Mail) importado com sucesso: Emanuel Pires - bianca95@bol.com.br
767,Contato (E-Mail) importado com sucesso: Carlos Eduardo Campos - pedrofernandes@ig.com.br
768,Contato (E-Mail) importado com sucesso: Dra. Clara Carvalho - enricomendes@souza.net
769,Contato (E-Mail) importado com sucesso: Matheus Fernandes - jnascimento@ig.com.br
770,Contato (E-Mail) importado com sucesso: Kaique Gomes - fmelo@ig.com.br
771,Contato (E-Mail) importado com sucesso: Thiago Lima - ana-julia73@nascimento.net
772,Contato (E-Mail) importado com sucesso: Beatriz Carvalho - vieirakaique@da.br
773,Contato (E-Mail) importado com sucesso: Samuel Barros - larissa68@das.com
774,Contato (E-Mail) importado com sucesso: Enzo Gabriel Freitas - laviniabarros@lima.net
775,Contato (E-Mail) importado com sucesso: Sabrina da Mota - noah89@rezende.net
776,Contato (E-Mail) importado com sucesso: Erick Gomes - augusto21@nogueira.com
777,Contato (E-Mail) importado com sucesso: Miguel Souza - santosmaria-eduarda@nogueira.br
778,Contato (E-Mail) importado com sucesso: Matheus Barbosa - castrokaique@da.br
779,Contato (E-Mail) importado com sucesso: Enrico Barros - santosjoao-guilherme@hotmail.com
780,Contato (E-Mail) importado com sucesso: Maria Vitória Almeida - enzo-gabriel21@gmail.com
781,Contato (E-Mail) importado com sucesso: Luiz Henrique Rodrigues - da-costajoaquim@uol.com.br
782,Contato (E-Mail) importado com sucesso: Ana Júlia Souza - souzastella@bol.com.br
783,Contato (E-Mail) importado com sucesso: Ana Luiza Azevedo - luiz-otaviocampos@ribeiro.br
784,Contato (E-Mail) importado com sucesso: Pedro Miguel da Rocha - cauafreitas@ig.com.br
785,Contato (E-Mail) importado com sucesso: Lorenzo Nogueira - uduarte@yahoo.com.br
786,Contato (E-Mail) importado com sucesso: Ana Lívia Cavalcanti - nicolas63@rodrigues.org
787,Contato (E-Mail) importado com sucesso: Bruno Alves - murilo14@hotmail.com
788,Contato (E-Mail) importado com sucesso: Sr. Erick Moura - ocardoso@yahoo.com.br
789,Contato (E-Mail) importado com sucesso: Dr. Yuri Fogaça - vianadavi-lucca@ig.com.br
790,Contato (E-Mail) importado com sucesso: Carolina Farias - barrosmelissa@yahoo.com.br
791,Contato (E-Mail) importado com sucesso: Ana Beatriz Sales - eduarda29@jesus.br
792,Contato (E-Mail) importado com sucesso: Pedro Henrique Castro - yasmin07@uol.com.br
793,Contato (E-Mail) importado com sucesso: Cauã Pereira - jdas-neves@uol.com.br
794,Contato (E-Mail) importado com sucesso: Clarice Porto - martinseduarda@bol.com.br
795,Contato (E-Mail) importado com sucesso: Lucca Nunes - clarice23@duarte.com
796,Contato (E-Mail) importado com sucesso: Clarice Teixeira - elisa20@silveira.com
797,Contato (E-Mail) importado com sucesso: Bryan Viana - rezendemaria-clara@fernandes.com
798,Contato (E-Mail) importado com sucesso: Dra. Letícia Silveira - alexiaduarte@yahoo.com.br
799,Contato (E-Mail) importado com sucesso: Milena da Conceição - nvieira@melo.net
800,Contato (E-Mail) importado com sucesso: Sr. Cauã Lopes - brenoda-costa@araujo.org
801,Contato (E-Mail) importado com sucesso: Benjamin Monteiro - gustavo-henrique99@gmail.com
802,Contato (E-Mail) importado com sucesso: Erick Correia - jpires@campos.br
803,Contato (E-Mail) importado com sucesso: Heitor Correia - hrodrigues@pereira.br
804,Contato (E-Mail) importado com sucesso: Isabelly Vieira - pereirabarbara@ig.com.br
805,Contato (E-Mail) importado com sucesso: Breno Duarte - tnovaes@castro.br
806,Contato (E-Mail) importado com sucesso: Alexandre Oliveira - rsilva@da.org
807,Contato (E-Mail) importado com sucesso: Yago Nogueira - otavionunes@mendes.org
808,Contato (E-Mail) importado com sucesso: Paulo Rocha - vitor-gabrielgoncalves@bol.com.br
809,Contato (E-Mail) importado com sucesso: Alexia Porto - isaacsilva@fernandes.br
810,Contato (E-Mail) importado com sucesso: Dra. Isis Nunes - lucasramos@ig.com.br
811,Contato (E-Mail) importado com sucesso: Sarah Barros - maria-clara62@bol.com.br
812,Contato (E-Mail) importado com sucesso: Juan Azevedo - brunopeixoto@bol.com.br
813,Contato (E-Mail) importado com sucesso: Carlos Eduardo Costela - isaacbarbosa@costela.br
814,Contato (E-Mail) importado com sucesso: Pedro Viana - rodrigomoraes@goncalves.com
815,Contato (E-Mail) importado com sucesso: Davi Lucca Rezende - marcelo75@ig.com.br
816,Contato (E-Mail) importado com sucesso: Srta. Letícia Santos - thalesfogaca@hotmail.com
817,Contato (E-Mail) importado com sucesso: Laura Caldeira - vieiravitor-hugo@da.org
818,Contato (E-Mail) importado com sucesso: Bárbara Cunha - vcunha@uol.com.br
819,Contato (E-Mail) importado com sucesso: Beatriz Gonçalves - ialmeida@bol.com.br
820,Contato (E-Mail) importado com sucesso: Emanuelly da Cruz - isadora59@lopes.br
821,Contato (E-Mail) importado com sucesso: Levi Novaes - eduardojesus@pereira.br
822,Contato (E-Mail) importado com sucesso: Mariana Fogaça - maria-alice33@gmail.com
823,Contato (E-Mail) importado com sucesso: Juan Dias - ana-claramendes@da.com
824,Contato (E-Mail) importado com sucesso: João Correia - pda-cunha@lima.org
825,Contato (E-Mail) importado com sucesso: Leonardo Almeida - ana-lauradias@barbosa.com
826,Contato (E-Mail) importado com sucesso: Dra. Ana Vitória da Rocha - evelyn29@costela.net
827,Contato (E-Mail) importado com sucesso: João Pedro Costela - miguel64@castro.com
828,Contato (E-Mail) importado com sucesso: Calebe Vieira - costelaemilly@martins.com
829,Contato (E-Mail) importado com sucesso: Luiz Fernando da Cunha - fernando72@pinto.net
830,Contato (E-Mail) importado com sucesso: Caroline Melo - noahcorreia@uol.com.br
831,Contato (E-Mail) importado com sucesso: Guilherme Costa - nicole67@lopes.br
832,Contato (E-Mail) importado com sucesso: Dr. João Lucas Moura - nina15@gmail.com
833,Contato (E-Mail) importado com sucesso: Vitória da Mota - igorduarte@moraes.com
834,Contato (E-Mail) importado com sucesso: Danilo Nogueira - peixotojoao@hotmail.com
835,Contato (E-Mail) importado com sucesso: Kevin Correia - da-rosaeloah@ramos.net
836,Contato (E-Mail) importado com sucesso: Ian Mendes - xsouza@lopes.br
837,Contato (E-Mail) importado com sucesso: Dra. Emilly Ramos - da-costaemilly@rezende.com
838,Contato (E-Mail) importado com sucesso: Maria Vitória da Conceição - barbosaraul@bol.com.br
839,Contato (E-Mail) importado com sucesso: Maria Clara Castro - oliviapeixoto@gmail.com
840,Contato (E-Mail) importado com sucesso: Cauê Moraes - jalves@bol.com.br
841,Contato (E-Mail) importado com sucesso: Alexia Campos - calebelopes@bol.com.br
842,Contato (E-Mail) importado com sucesso: Rodrigo Alves - barrosandre@goncalves.net
843,Contato (E-Mail) importado com sucesso: Noah Moreira - jgoncalves@uol.com.br
844,Contato (E-Mail) importado com sucesso: Ana Vitória da Costa - mfreitas@moreira.com
845,Contato (E-Mail) importado com sucesso: Isabella Moura - daniela88@da.br
846,Contato (E-Mail) importado com sucesso: Sr. Anthony Alves - levicostela@yahoo.com.br
847,Contato (E-Mail) importado com sucesso: Sra. Nina Vieira - levimoraes@souza.br
848,Contato (E-Mail) importado com sucesso: Marina Jesus - lrodrigues@barbosa.com
849,Contato (E-Mail) importado com sucesso: Eloah Peixoto - tfogaca@melo.br
850,Contato (E-Mail) importado com sucesso: Dra. Nicole Mendes - rodrigo44@bol.com.br
851,Contato (E-Mail) importado com sucesso: Julia Monteiro - ceciliada-cunha@barros.org
852,Contato (E-Mail) importado com sucesso: Pietra Castro - dalves@ig.com.br
853,Contato (E-Mail) importado com sucesso: Dra. Evelyn Nascimento - marcos-viniciuspinto@rodrigues.br
854,Contato (E-Mail) importado com sucesso: Bruno Ferreira - sophia72@carvalho.br
855,Contato (E-Mail) importado com sucesso: Lucca Campos - emanuelly29@duarte.br
856,Contato (E-Mail) importado com sucesso: Dr. Raul Costela - xmonteiro@freitas.br
857,Contato (E-Mail) importado com sucesso: Dra. Heloísa Ribeiro - nicolas46@bol.com.br
858,Contato (E-Mail) importado com sucesso: Ian Fernandes - umoreira@cardoso.com
859,Contato (E-Mail) importado com sucesso: Sra. Isadora Lima - felipe63@pereira.net
860,Contato (E-Mail) importado com sucesso: Lara Fogaça - pteixeira@da.com
861,Contato (E-Mail) importado com sucesso: Dra. Marina Aragão - felipe36@pires.com
862,Contato (E-Mail) importado com sucesso: André da Cunha - ana-vitoriagomes@gmail.com
863,Contato (E-Mail) importado com sucesso: Sr. Pedro Cardoso - calves@nogueira.br
864,Contato (E-Mail) importado com sucesso: Daniela da Mata - wmoura@uol.com.br
865,Contato (E-Mail) importado com sucesso: Luiz Felipe Lopes - raulnogueira@bol.com.br
866,Contato (E-Mail) importado com sucesso: Vinicius da Costa - pietra17@hotmail.com
867,Contato (E-Mail) importado com sucesso: Sr. Luiz Miguel Freitas - lda-cunha@caldeira.com
868,Contato (E-Mail) importado com sucesso: Manuela Porto - osantos@melo.com
869,Contato (E-Mail) importado com sucesso: Nathan da Paz - silveiraana-carolina@goncalves.org
870,Contato (E-Mail) importado com sucesso: Sofia Jesus - hfreitas@bol.com.br
871,Contato (E-Mail) importado com sucesso: Sr. Breno da Paz - juliada-rocha@da.br
872,Contato (E-Mail) importado com sucesso: Benício da Paz - souzanina@goncalves.br
873,Contato (E-Mail) importado com sucesso: Melissa Ferreira - davi-lucca42@nascimento.br
874,Contato (E-Mail) importado com sucesso: Rodrigo Rocha - ianda-mata@uol.com.br
875,Contato (E-Mail) importado com sucesso: Juliana das Neves - teixeiramaria-clara@da.net
876,Contato (E-Mail) importado com sucesso: Sra. Lorena da Rocha - yasmin27@gmail.com
877,Contato (E-Mail) importado com sucesso: Miguel Fogaça - calebe03@gmail.com
878,Contato (E-Mail) importado com sucesso: Larissa Aragão - diogo21@hotmail.com
879,Contato (E-Mail) importado com sucesso: Srta. Maria Fernanda Araújo - larissa14@campos.org
880,Contato (E-Mail) importado com sucesso: Alícia da Mota - araujolorenzo@ig.com.br
881,Contato (E-Mail) importado com sucesso: Maria Fernanda Cavalcanti - luiz-felipecardoso@hotmail.com
882,Contato (E-Mail) importado com sucesso: Dr. João Miguel Azevedo - qferreira@rodrigues.br
883,Contato (E-Mail) importado com sucesso: Luiz Otávio Rezende - evelynnogueira@fernandes.org
884,Contato (E-Mail) importado com sucesso: Ana Clara Dias - cunhaalexandre@viana.br
885,Contato (E-Mail) importado com sucesso: Heloísa Ribeiro - costaluiza@ig.com.br
886,Contato (E-Mail) importado com sucesso: Dr. João Miguel Cavalcanti - jda-rosa@uol.com.br
887,Contato (E-Mail) importado com sucesso: Dr. Marcos Vinicius Almeida - luiz-felipeda-cunha@alves.com
888,Contato (E-Mail) importado com sucesso: Ana Carolina Cunha - rezendeantonio@yahoo.com.br
889,Contato (E-Mail) importado com sucesso: Marcos Vinicius Barbosa - lcardoso@rocha.br
890,Contato (E-Mail) importado com sucesso: Samuel Fogaça - marcelomoura@uol.com.br
891,Contato (E-Mail) importado com sucesso: Kevin Peixoto - melissavieira@cardoso.com
892,Contato (E-Mail) importado com sucesso: Srta. Lavínia Araújo - rafaelviana@fogaca.br
893,Contato (E-Mail) importado com sucesso: Stephany das Neves - olivia33@caldeira.br
894,Contato (E-Mail) importado com sucesso: Rodrigo Moreira - gabriela68@santos.br
895,Contato (E-Mail) importado com sucesso: Daniela Barbosa - nda-rocha@yahoo.com.br
896,Contato (E-Mail) importado com sucesso: Sra. Júlia Peixoto - nogueirathales@da.br
897,Contato (E-Mail) importado com sucesso: Srta. Gabrielly da Conceição - breno70@gmail.com
898,Contato (E-Mail) importado com sucesso: Nina das Neves - cunhaguilherme@azevedo.com
899,Contato (E-Mail) importado com sucesso: Dr. Kevin da Rocha - mourafrancisco@gmail.com
900,Contato (E-Mail) importado com sucesso: Esther Lopes - mariasouza@yahoo.com.br
901,Contato (E-Mail) importado com sucesso: Sr. Joaquim Correia - da-rochakaique@da.br
902,Contato (E-Mail) importado com sucesso: Maria Alice Jesus - benjaminaragao@nunes.com
903,Contato (E-Mail) importado com sucesso: Davi Lucca Jesus - maria-clarada-cunha@costa.net
904,Contato (E-Mail) importado com sucesso: Pedro Miguel Ribeiro - larissarocha@uol.com.br
905,Contato (E-Mail) importado com sucesso: Ian Peixoto - joao28@nascimento.com
906,Contato (E-Mail) importado com sucesso: Arthur Campos - raulsilveira@novaes.com
907,Contato (E-Mail) importado com sucesso: Vinicius Ribeiro - martinsalexandre@gmail.com
908,Contato (E-Mail) importado com sucesso: Rafaela Ramos - novaesalexia@ig.com.br
909,Contato (E-Mail) importado com sucesso: Rafaela Farias - gomessarah@ig.com.br
910,Contato (E-Mail) importado com sucesso: Maria Luiza da Luz - catarinaviana@martins.net
911,Contato (E-Mail) importado com sucesso: Clara Mendes - aramos@uol.com.br
912,Contato (E-Mail) importado com sucesso: Sra. Ana Lima - agathada-mata@aragao.br
913,Contato (E-Mail) importado com sucesso: Maria Sophia Lopes - ninanascimento@da.com
914,Contato (E-Mail) importado com sucesso: Cauê Vieira - aragaojoao-guilherme@ig.com.br
915,Contato (E-Mail) importado com sucesso: Cauã Alves - larissasilva@duarte.com
916,Contato (E-Mail) importado com sucesso: Helena Cardoso - cardosoraul@pereira.com
917,Contato (E-Mail) importado com sucesso: Ana Júlia Nascimento - fogacabarbara@pinto.net
918,Contato (E-Mail) importado com sucesso: Eduarda da Mota - pgoncalves@uol.com.br
919,Contato (E-Mail) importado com sucesso: Esther Nunes - monteiroana-vitoria@jesus.br
920,Contato (E-Mail) importado com sucesso: Antônio Sales - fogacalarissa@gmail.com
921,Contato (E-Mail) importado com sucesso: Bruna Alves - maria-luizada-cunha@uol.com.br
922,Contato (E-Mail) importado com sucesso: Alexandre Aragão - araujoenzo@ig.com.br
923,Contato (E-Mail) importado com sucesso: Diego Gomes - souzaemanuella@yahoo.com.br
924,Contato (E-Mail) importado com sucesso: Sra. Luana Melo - davi-luizaragao@monteiro.br
925,Contato (E-Mail) importado com sucesso: Sr. Fernando Pires - ceciliadias@da.br
926,Contato (E-Mail) importado com sucesso: Heitor da Rosa - lavinia43@almeida.com
927,Contato (E-Mail) importado com sucesso: Bruno Castro - amandarezende@da.com
928,Contato (E-Mail) importado com sucesso: Lucas Gabriel Barbosa - luiza28@yahoo.com.br
929,Contato (E-Mail) importado com sucesso: Breno Melo - das-nevesisadora@yahoo.com.br
930,Contato (E-Mail) importado com sucesso: Sofia Aragão - brenoribeiro@ig.com.br
931,Contato (E-Mail) importado com sucesso: Paulo Teixeira - maria-aliceramos@cunha.br
932,Contato (E-Mail) importado com sucesso: Arthur Barbosa - gfernandes@yahoo.com.br
933,Contato (E-Mail) importado com sucesso: Dra. Clara Duarte - sofia95@aragao.com
934,Contato (E-Mail) importado com sucesso: Amanda Ramos - limaryan@hotmail.com
935,Contato (E-Mail) importado com sucesso: Ana Clara Campos - nathan06@da.br
936,Contato (E-Mail) importado com sucesso: Clarice Mendes - almeidaelisa@castro.com
937,Contato (E-Mail) importado com sucesso: Felipe da Mata - sofia12@ig.com.br
938,Contato (E-Mail) importado com sucesso: Gabrielly Monteiro - juan86@martins.org
939,Contato (E-Mail) importado com sucesso: Dra. Bianca Costela - teixeiraraul@gmail.com
940,Contato (E-Mail) importado com sucesso: Kamilly Fernandes - mouralucas-gabriel@uol.com.br
941,Contato (E-Mail) importado com sucesso: Bryan Aragão - mporto@yahoo.com.br
942,Contato (E-Mail) importado com sucesso: Anthony Souza - maysabarros@hotmail.com
943,Contato (E-Mail) importado com sucesso: Luiz Gustavo Campos - gustavocostela@uol.com.br
944,Contato (E-Mail) importado com sucesso: Ana Júlia Santos - amanda68@barros.net
945,Contato (E-Mail) importado com sucesso: Dr. Ryan Mendes - fariasyago@ig.com.br
946,Contato (E-Mail) importado com sucesso: Miguel Cardoso - barbosanina@costela.org
947,Contato (E-Mail) importado com sucesso: Ana Laura Nunes - aragaogabriel@correia.net
948,Contato (E-Mail) importado com sucesso: Valentina Moura - enzo-gabrielda-rocha@yahoo.com.br
949,Contato (E-Mail) importado com sucesso: Emanuel Moreira - erick77@silveira.br
950,Contato (E-Mail) importado com sucesso: Lara Moura - pintostella@yahoo.com.br
951,Contato (E-Mail) importado com sucesso: Bárbara Nascimento - pcosta@hotmail.com
952,Contato (E-Mail) importado com sucesso: Nicole da Paz - yuri59@ig.com.br
953,Contato (E-Mail) importado com sucesso: Luiz Henrique Nunes - vlima@farias.net
954,Contato (E-Mail) importado com sucesso: Cauã Moraes - mda-cruz@yahoo.com.br
955,Contato (E-Mail) importado com sucesso: Srta. Valentina da Paz - rebecacorreia@dias.com
956,Contato (E-Mail) importado com sucesso: Sr. Miguel Porto - gustavo57@bol.com.br
957,Contato (E-Mail) importado com sucesso: Pedro Henrique Souza - bda-costa@bol.com.br
958,Contato (E-Mail) importado com sucesso: Davi Lucca Nogueira - carlos-eduardo06@ig.com.br
959,Contato (E-Mail) importado com sucesso: Maria Fernanda Ribeiro - marianepinto@rocha.net
960,Contato (E-Mail) importado com sucesso: Sr. Caio Pereira - dda-mata@oliveira.br
961,Contato (E-Mail) importado com sucesso: Gustavo Henrique da Cruz - zvieira@yahoo.com.br
962,Contato (E-Mail) importado com sucesso: Heitor da Costa - rodrigo06@pereira.com
963,Contato (E-Mail) importado com sucesso: Bernardo Silva - lgomes@hotmail.com
964,Contato (E-Mail) importado com sucesso: Olivia Martins - da-conceicaolucca@da.br
965,Contato (E-Mail) importado com sucesso: Cauã da Paz - erick78@da.com
966,Contato (E-Mail) importado com sucesso: Srta. Sophia Pereira - da-cunhayuri@santos.com
967,Contato (E-Mail) importado com sucesso: Clarice Campos - santosmilena@hotmail.com
968,Contato (E-Mail) importado com sucesso: Dr. Yuri Novaes - pietrojesus@duarte.com
969,Contato (E-Mail) importado com sucesso: Mirella Melo - isadora01@teixeira.br
970,Contato (E-Mail) importado com sucesso: Dr. Fernando Campos - ununes@duarte.com
971,Contato (E-Mail) importado com sucesso: Ana Julia da Cunha - muriloaragao@correia.org
972,Contato (E-Mail) importado com sucesso: Erick da Rocha - bryan74@uol.com.br
973,Contato (E-Mail) importado com sucesso: João Lucas Lima - cardosojoao-felipe@yahoo.com.br
974,Contato (E-Mail) importado com sucesso: Lívia Aragão - emanuel66@uol.com.br
975,Contato (E-Mail) importado com sucesso: Stella Duarte - costelapaulo@bol.com.br
976,Contato (E-Mail) importado com sucesso: Sr. Luiz Fernando Moreira - beniciocastro@uol.com.br
977,Contato (E-Mail) importado com sucesso: Srta. Ana Luiza da Costa - alvescalebe@uol.com.br
978,Contato (E-Mail) importado com sucesso: Diogo das Neves - luiz-fernando02@da.net
979,Contato (E-Mail) importado com sucesso: Sra. Helena Campos - ana-julia41@yahoo.com.br
980,Contato (E-Mail) importado com sucesso: Stephany Novaes - gomesbruno@farias.br
981,Contato (E-Mail) importado com sucesso: Raul das Neves - correiaana-livia@pinto.com
982,Contato (E-Mail) importado com sucesso: Srta. Isadora Fernandes - oaraujo@barbosa.com
983,Contato (E-Mail) importado com sucesso: Lorena Teixeira - nascimentolarissa@hotmail.com
984,Contato (E-Mail) importado com sucesso: Thales Correia - antonio83@costa.br
985,Contato (E-Mail) importado com sucesso: Noah Farias - noahda-cunha@castro.com
986,Contato (E-Mail) importado com sucesso: Ana Carolina Monteiro - rmoreira@dias.net
987,Contato (E-Mail) importado com sucesso: Arthur da Cunha - maria-sophiaporto@martins.br
988,Contato (E-Mail) importado com sucesso: Julia Fogaça - maria-vitoriafernandes@rocha.com
989,Contato (E-Mail) importado com sucesso: Maria Sophia Alves - gustavosouza@uol.com.br
990,Contato (E-Mail) importado com sucesso: Srta. Alícia da Rosa - ana-clarada-cruz@ig.com.br
991,Contato (E-Mail) importado com sucesso: Benjamin Santos - leandropeixoto@ig.com.br
992,Contato (E-Mail) importado com sucesso: Vicente Ferreira - leonardo84@fernandes.br
993,Contato (E-Mail) importado com sucesso: Mirella Gonçalves - sofiamoura@souza.br
994,Contato (E-Mail) importado com sucesso: Sabrina Cavalcanti - oliveiramaria@teixeira.net
995,Contato (E-Mail) importado com sucesso: Sr. João Silveira - camposlarissa@gmail.com
996,Contato (E-Mail) importado com sucesso: Vitor Hugo da Costa - znunes@fernandes.com
997,Contato (E-Mail) importado com sucesso: Srta. Isabella Duarte - luiz-fernando92@da.br
998,Contato (E-Mail) importado com sucesso: Marcos Vinicius Rodrigues - da-cruzmilena@farias.br
999,Contato (E-Mail) importado com sucesso: João Lucas Gomes - trocha@hotmail.com
1000,Contato (E-Mail) importado com sucesso: Bárbara Cunha - maria-fernandagomes@uol.com.br
1001,Contato (E-Mail) importado com sucesso: Laura Costa - sda-mota@rodrigues.com
1002,Contato (E-Mail) importado com sucesso: Emanuel das Neves - maria-ceciliaaragao@da.br
1003,Contato (E-Mail) importado com sucesso: Luiz Otávio Almeida - nascimentomurilo@fernandes.net
1004,Contato (E-Mail) importado com sucesso: Rafaela Silva - carvalhoemilly@uol.com.br
1005,Contato (E-Mail) importado com sucesso: Ana Carolina Cardoso - vpires@uol.com.br
1006,Contato (E-Mail) importado com sucesso: Larissa Costela - enogueira@hotmail.com
1007,Contato (E-Mail) importado com sucesso: Isabel Costa - marcos-vinicius64@ig.com.br
1008,Contato (E-Mail) importado com sucesso: Dr. Carlos Eduardo Carvalho - eduardoramos@castro.org
1009,Contato (E-Mail) importado com sucesso: Joana da Paz - pmartins@pinto.br
1010,Contato (E-Mail) importado com sucesso: Ana Beatriz da Rocha - silveiralucca@castro.br
1011,Contato (E-Mail) importado com sucesso: João Vitor Alves - isaac60@uol.com.br
1012,Contato (E-Mail) importado com sucesso: Bárbara Novaes - piresmelissa@martins.net
1013,Contato (E-Mail) importado com sucesso: Srta. Luana Costa - epinto@moreira.br
1014,Contato (E-Mail) importado com sucesso: Srta. Bianca da Mota - kfogaca@oliveira.br
1015,Contato (E-Mail) importado com sucesso: Thiago Cavalcanti - teixeiraana-julia@ig.com.br
1016,Contato (E-Mail) importado com sucesso: Stephany Dias - freitaselisa@yahoo.com.br
1017,Contato (E-Mail) importado com sucesso: Juan Vieira - sarah88@da.br
1018,Contato (E-Mail) importado com sucesso: Luiza Cardoso - da-pazalice@hotmail.com
1019,Contato (E-Mail) importado com sucesso: Evelyn da Conceição - felipeoliveira@bol.com.br
1020,Contato (E-Mail) importado com sucesso: Samuel Gonçalves - alicia80@gmail.com
1021,Contato (E-Mail) importado com sucesso: Sr. Igor Silva - goncalvesheloisa@gmail.com
1022,Contato (E-Mail) importado com sucesso: Sra. Alexia Correia - nathan78@cardoso.br
1023,Contato (E-Mail) importado com sucesso: Yasmin Ferreira - pintoluigi@hotmail.com
1024,Contato (E-Mail) importado com sucesso: Emanuella Pereira - rezendeemanuel@cavalcanti.com
1025,Contato (E-Mail) importado com sucesso: Dr. Otávio Freitas - pintocecilia@bol.com.br
1026,Contato (E-Mail) importado com sucesso: Catarina Gonçalves - raulbarbosa@bol.com.br
1027,Contato (E-Mail) importado com sucesso: Sr. Vitor Hugo Azevedo - yurimartins@bol.com.br
1028,Contato (E-Mail) importado com sucesso: Giovanna das Neves - alicecostela@hotmail.com
1029,Contato (E-Mail) importado com sucesso: Sofia Barros - glopes@gmail.com
1030,Contato (E-Mail) importado com sucesso: Ana Carolina Moraes - dsales@gmail.com
1031,Contato (E-Mail) importado com sucesso: Fernando Rezende - danielamartins@gmail.com
1032,Contato (E-Mail) importado com sucesso: Benjamin Vieira - raraujo@peixoto.net
1033,Contato (E-Mail) importado com sucesso: Guilherme da Rocha - gabriellyfarias@peixoto.br
1034,Contato (E-Mail) importado com sucesso: Dr. Joaquim Aragão - lauraribeiro@ig.com.br
1035,Contato (E-Mail) importado com sucesso: Laura Ribeiro - vicente98@gmail.com
1036,Contato (E-Mail) importado com sucesso: Benjamin Caldeira - bianca16@ig.com.br
1037,Contato (E-Mail) importado com sucesso: Igor Porto - kevin42@ig.com.br
1038,Contato (E-Mail) importado com sucesso: Isabelly Cunha - vianafelipe@porto.br
1039,Contato (E-Mail) importado com sucesso: Pietro Fernandes - da-conceicaodavi-lucca@ig.com.br
1040,Contato (E-Mail) importado com sucesso: Renan Duarte - rafaeladas-neves@bol.com.br
1041,Contato (E-Mail) importado com sucesso: Dr. Levi Ribeiro - maria-luizanogueira@carvalho.org
1042,Contato (E-Mail) importado com sucesso: Elisa Caldeira - zsantos@das.org
1043,Contato (E-Mail) importado com sucesso: Vinicius da Mota - esales@rocha.br
1044,Contato (E-Mail) importado com sucesso: Enzo Gabriel Pires - caua02@souza.net
1045,Contato (E-Mail) importado com sucesso: Maria Clara Alves - ian23@lopes.br
1046,Contato (E-Mail) importado com sucesso: Yasmin Lopes - mouraanthony@yahoo.com.br
1047,Contato (E-Mail) importado com sucesso: Olivia Silva - ferreirayago@yahoo.com.br
1048,Contato (E-Mail) importado com sucesso: Ana Luiza Porto - srezende@hotmail.com
1049,Contato (E-Mail) importado com sucesso: Miguel Nascimento - kaiquearagao@yahoo.com.br
1050,Contato (E-Mail) importado com sucesso: Nina Costela - pedro-henrique43@gmail.com
1051,Contato (E-Mail) importado com sucesso: Davi Luiz Oliveira - luanasouza@porto.net
1052,Contato (E-Mail) importado com sucesso: Srta. Maria da Paz - ana-sophiadias@moura.net
1053,Contato (E-Mail) importado com sucesso: Helena Cunha - da-luzlais@bol.com.br
1054,Contato (E-Mail) importado com sucesso: Elisa Barros - aragaosophie@costa.com
1055,Contato (E-Mail) importado com sucesso: Gabrielly Melo - mda-paz@gmail.com
1056,Contato (E-Mail) importado com sucesso: Sra. Joana Nogueira - nascimentobruna@barros.net
1057,Contato (E-Mail) importado com sucesso: Luiz Otávio Carvalho - freitasbianca@duarte.com
1058,Contato (E-Mail) importado com sucesso: Nina da Conceição - ana-sophiasilveira@campos.net
1059,Contato (E-Mail) importado com sucesso: Bárbara Viana - felipe76@nunes.com
1060,Contato (E-Mail) importado com sucesso: Emanuelly Viana - ribeirovitor-hugo@alves.com
1061,Contato (E-Mail) importado com sucesso: Enrico Campos - matheuscarvalho@correia.com
1062,Contato (E-Mail) importado com sucesso: Fernanda Moreira - upeixoto@moraes.net
1063,Contato (E-Mail) importado com sucesso: Kevin Fogaça - pcorreia@moura.br
1064,Contato (E-Mail) importado com sucesso: Dra. Raquel Caldeira - xaragao@uol.com.br
1065,Contato (E-Mail) importado com sucesso: Emanuelly da Conceição - camposdiego@azevedo.br
1066,Contato (E-Mail) importado com sucesso: Noah Correia - raquelsouza@ig.com.br
1067,Contato (E-Mail) importado com sucesso: Sr. André Cardoso - franciscolima@da.org
1068,Contato (E-Mail) importado com sucesso: Miguel Castro - isabellyjesus@sales.br
1069,Contato (E-Mail) importado com sucesso: Pedro Miguel da Cruz - joaquimcaldeira@bol.com.br
1070,Contato (E-Mail) importado com sucesso: Sr. Luiz Gustavo da Luz - moreiraemanuel@lima.br
1071,Contato (E-Mail) importado com sucesso: Emilly Caldeira - viniciusda-cunha@gmail.com
1072,Contato (E-Mail) importado com sucesso: Rafaela Gonçalves - scavalcanti@ig.com.br
1073,Contato (E-Mail) importado com sucesso: Lívia Ribeiro - aragaopedro-lucas@uol.com.br
1074,Contato (E-Mail) importado com sucesso: Marcela Rezende - ipinto@da.org
1075,Contato (E-Mail) importado com sucesso: Cauã Cavalcanti - tduarte@gmail.com
1076,Contato (E-Mail) importado com sucesso: Bryan Costela - gvieira@gmail.com
1077,Contato (E-Mail) importado com sucesso: Daniel Nascimento - dmonteiro@bol.com.br
1078,Contato (E-Mail) importado com sucesso: Sabrina Duarte - mouraleticia@ig.com.br
1079,Contato (E-Mail) importado com sucesso: Yago Rezende - klopes@uol.com.br
1080,Contato (E-Mail) importado com sucesso: Nathan Pinto - bryan97@da.br
1081,Contato (E-Mail) importado com sucesso: Sophie Rodrigues - ycunha@aragao.br
1082,Contato (E-Mail) importado com sucesso: Pedro Azevedo - portofrancisco@hotmail.com
1083,Contato (E-Mail) importado com sucesso: Luiz Felipe Nogueira - pda-costa@gmail.com
1084,Contato (E-Mail) importado com sucesso: Dr. João Miguel da Rocha - da-rochaana-clara@araujo.br
1085,Contato (E-Mail) importado com sucesso: Maria Julia da Paz - eferreira@bol.com.br
1086,Contato (E-Mail) importado com sucesso: Natália da Rocha - lmelo@yahoo.com.br
1087,Contato (E-Mail) importado com sucesso: Dr. Davi Lucas Martins - ninapinto@yahoo.com.br
1088,Contato (E-Mail) importado com sucesso: Lorenzo Jesus - ramosmaria-eduarda@da.com
1089,Contato (E-Mail) importado com sucesso: Enzo da Paz - arodrigues@yahoo.com.br
1090,Contato (E-Mail) importado com sucesso: Ana Julia da Rosa - wmoreira@bol.com.br
1091,Contato (E-Mail) importado com sucesso: Dr. Renan Freitas - alvespedro-henrique@lopes.com
1092,Contato (E-Mail) importado com sucesso: Gabrielly Duarte - luiz-henriquemoura@araujo.br
1093,Contato (E-Mail) importado com sucesso: Otávio Barros - jalmeida@hotmail.com
1094,Contato (E-Mail) importado com sucesso: Luana Lopes - brendamendes@almeida.br
1095,Contato (E-Mail) importado com sucesso: Erick Jesus - melojulia@moraes.br
1096,Contato (E-Mail) importado com sucesso: Nathan Pinto - barrosian@ig.com.br
1097,Contato (E-Mail) importado com sucesso: Bryan Mendes - azevedostella@ig.com.br
1098,Contato (E-Mail) importado com sucesso: João Silveira - uribeiro@teixeira.org
1099,Contato (E-Mail) importado com sucesso: Luiz Fernando Santos - eloah55@ig.com.br
1100,Contato (E-Mail) importado com sucesso: Noah Oliveira - bruno50@porto.br
1101,Contato (E-Mail) importado com sucesso: Nathan Porto - waragao@rezende.br
1102,Contato (E-Mail) importado com sucesso: Guilherme Gonçalves - kamilly31@ig.com.br
1103,Contato (E-Mail) importado com sucesso: Henrique Cavalcanti - vicente83@rodrigues.net
1104,Contato (E-Mail) importado com sucesso: Sr. Luigi Novaes - qda-mata@uol.com.br
1105,Contato (E-Mail) importado com sucesso: Isis Fernandes - imelo@ramos.br
1106,Contato (E-Mail) importado com sucesso: Luiz Gustavo Ferreira - kbarbosa@rezende.org
1107,Contato (E-Mail) importado com sucesso: Stella Campos - eduardamoreira@yahoo.com.br
1108,Contato (E-Mail) importado com sucesso: Isis Almeida - daniel44@ribeiro.org
1109,Contato (E-Mail) importado com sucesso: Maria Alice Melo - ian09@gmail.com
1110,Contato (E-Mail) importado com sucesso: Isadora Aragão - joaquim80@ig.com.br
1111,Contato (E-Mail) importado com sucesso: Sra. Kamilly Ramos - arthur81@gmail.com
1112,Contato (E-Mail) importado com sucesso: Letícia Teixeira - bryan01@das.com
1113,Contato (E-Mail) importado com sucesso: Laura Pires - nicolas29@uol.com.br
1114,Contato (E-Mail) importado com sucesso: Maria Clara Oliveira - novaesisabella@santos.br
1115,Contato (E-Mail) importado com sucesso: Eduarda Silva - miguel06@ig.com.br
1116,Contato (E-Mail) importado com sucesso: Agatha Rezende - da-motaheitor@hotmail.com
1117,Contato (E-Mail) importado com sucesso: Murilo da Paz - costamarina@hotmail.com
1118,Contato (E-Mail) importado com sucesso: Joaquim Viana - joanadias@pereira.br
1119,Contato (E-Mail) importado com sucesso: Eloah Aragão - dnovaes@ig.com.br
1120,Contato (E-Mail) importado com sucesso: Kevin Nogueira - cardosogustavo@dias.br
1121,Contato (E-Mail) importado com sucesso: Bárbara Silva - pietra57@viana.org
1122,Contato (E-Mail) importado com sucesso: Sabrina da Costa - ana-juliamelo@hotmail.com
1123,Contato (E-Mail) importado com sucesso: Cauê da Cunha - fmelo@hotmail.com
1124,Contato (E-Mail) importado com sucesso: Luna Viana - teixeiraevelyn@da.br
1125,Contato (E-Mail) importado com sucesso: Clara Gonçalves - zalmeida@bol.com.br
1126,Contato (E-Mail) importado com sucesso: Sr. Eduardo Barros - manuela46@ribeiro.br
1127,Contato (E-Mail) importado com sucesso: Rodrigo Ferreira - maria-fernandapeixoto@das.br
1128,Contato (E-Mail) importado com sucesso: Sra. Maysa Caldeira - gustavo90@gmail.com
1129,Contato (E-Mail) importado com sucesso: Júlia Costa - esther49@nascimento.com
1130,Contato (E-Mail) importado com sucesso: Davi Sales - marcela45@ig.com.br
1131,Contato (E-Mail) importado com sucesso: Sra. Helena Pires - daniela73@ig.com.br
1132,Contato (E-Mail) importado com sucesso: Enrico da Rocha - emilly83@yahoo.com.br
1133,Contato (E-Mail) importado com sucesso: Noah Cardoso - silvapedro-lucas@yahoo.com.br
1134,Contato (E-Mail) importado com sucesso: Pedro Lucas Dias - camilacorreia@silva.org
1135,Contato (E-Mail) importado com sucesso: Thomas Melo - mendesmaria-clara@ig.com.br
1136,Contato (E-Mail) importado com sucesso: Thomas Fernandes - freitasmatheus@gmail.com
1137,Contato (E-Mail) importado com sucesso: Arthur da Costa - mendesdavi-lucas@da.com
1138,Contato (E-Mail) importado com sucesso: Vitor Hugo Melo - diogo63@gmail.com
1139,Contato (E-Mail) importado com sucesso: Bianca Oliveira - rodrigoda-luz@ig.com.br
1140,Contato (E-Mail) importado com sucesso: Brenda Ramos - amoreira@yahoo.com.br
1141,Contato (E-Mail) importado com sucesso: Sra. Rafaela Oliveira - franciscoramos@uol.com.br
1142,Contato (E-Mail) importado com sucesso: Emilly Cavalcanti - mirellamelo@ig.com.br
1143,Contato (E-Mail) importado com sucesso: Lorenzo da Cunha - levicavalcanti@ig.com.br
1144,Contato (E-Mail) importado com sucesso: Mirella Barbosa - costaaugusto@cunha.com
1145,Contato (E-Mail) importado com sucesso: Luigi Moura - raquelmoura@ig.com.br
1146,Contato (E-Mail) importado com sucesso: Enrico Ramos - ana-vitoria76@hotmail.com
1147,Contato (E-Mail) importado com sucesso: Erick Ferreira - fcardoso@ig.com.br
1148,Contato (E-Mail) importado com sucesso: Dr. Enzo Gabriel Cardoso - naragao@cavalcanti.br
1149,Contato (E-Mail) importado com sucesso: Lívia Ramos - ocostela@farias.com
1150,Contato (E-Mail) importado com sucesso: Carolina Silveira - agatha43@da.br
1151,Contato (E-Mail) importado com sucesso: João Vitor Campos - moreirajoao-pedro@da.com
1152,Contato (E-Mail) importado com sucesso: Enzo Jesus - rezendeclarice@hotmail.com
1153,Contato (E-Mail) importado com sucesso: João Lucas Alves - costelaalicia@lopes.net
1154,Contato (E-Mail) importado com sucesso: Cauê Almeida - barrosheitor@nogueira.com
1155,Contato (E-Mail) importado com sucesso: João Miguel Silva - kmoraes@ig.com.br
1156,Contato (E-Mail) importado com sucesso: Sra. Manuela Almeida - ferreiramirella@yahoo.com.br
1157,Contato (E-Mail) importado com sucesso: Bruno Alves - yasmin11@moreira.br
1158,Contato (E-Mail) importado com sucesso: Agatha das Neves - azevedojoaquim@hotmail.com
1159,Contato (E-Mail) importado com sucesso: Sr. Eduardo Rezende - daniela25@bol.com.br
1160,Contato (E-Mail) importado com sucesso: Pedro Vieira - yuri02@da.br
1161,Contato (E-Mail) importado com sucesso: Lorena da Rocha - caroline40@bol.com.br
1162,Contato (E-Mail) importado com sucesso: Maria Pires - mcavalcanti@caldeira.org
